番号,返信者,投稿者か,返信先,相対時刻,いいね数,返信数,原文,備考
1,nil_arisa,いいえ,元投稿,1時間,0,0,"特養です。
オムツ交換や入浴介助、食事介助などの介護業務は介護士さんがしてくれるので、看護師は看護業務のみなのでありがたいです。
手が空いたら介護士さんの業務に協力したり、医務室でみんなでお茶しながら利用者さんの状態について話し合いします(笑)",
2,will_soon,いいえ,元投稿,1時間,0,0,"児童の検尿をひたすら機械にかけるとこで働いたことあります！和気藹々としてて、10時集合14時解散とかで最高でした🫶",
3,raimu_1020,いいえ,元投稿,2時間,0,1,"激ゆる訪問看護です🫶
急性期のやりがい？忘れちゃいました😜",
4,moose.6927422,はい,raimu_1020,2時間,0,0,"激ゆる最高ですね🙂❤️‍🔥どうやって見つけましたか👀",
5,mmmmmmmmm_mm.m,いいえ,元投稿,2時間,0,1,"保育園看護師です🌟
みんな健康な子で、たまに怪我人の手当てしたり、病院に付き添っています🌟",
6,moose.6927422,はい,mmmmmmmmm_mm.m,2時間,1,1,"興味あります👀！保護者との関わりはありますか？？",
7,mmmmmmmmm_mm.m,いいえ,moose.6927422,36分,0,0,"一箇所目は担任も併用してたので、関わりありました。二箇所目は関わりなしの看護師パートで、５時間パートでしたが、一箇所目のフルタイムのときの給料と一緒です❗️
パートの保育園看護師おすすめです、、、
必然的に０歳児の保育補助になるので、
赤ちゃん可愛い🩷です",
8,chibi.4690,いいえ,元投稿,3時間,0,0,"老健です！
日勤しかしてません。年度始まりに過ぎてからの育休明けなもんで委員会も入ってないし日勤業務に専念してもらったら大丈夫ということで書類上の担当もついてないので、バイタルチェックとか薬の管理的なものとかたまに入浴介助とかくらいしかしてません笑
ほとんど利用者さんとデイルームでお話をしてます。",
9,hushitora,いいえ,元投稿,3時間,2,1,"働いてるだけで充分、意識高いよ☺️",
10,moose.6927422,はい,hushitora,2時間,1,0,"天使👼🏻？こんな方が師長の病棟なら働きたいかも🤭",
11,poara.m,いいえ,元投稿,4時間,0,0,"小多機です😊",
12,pagu_minto_s,いいえ,元投稿,4時間,0,0,"回復期病棟〜！急性期と違って急変少ないから…まだ気持ちが楽…",
13,shiyanshiyan3,いいえ,元投稿,4時間,0,0,"本当日々思うけど、マンパワー不足で，崩壊😭",
14,a3yk.c53,いいえ,元投稿,5時間,1,0,"回リハいたけどパートいらないって外来に異動になってヒィヒィ言ってる！はよ辞めたい！",
15,raitorara,いいえ,元投稿,5時間,0,0,"わん^_^",
16,na0_taaama,いいえ,元投稿,5時間,0,0,"地域包括支援センターです〜
センター長が定時ピッタリ退社なのでめちゃくちゃ帰りやすいです!
急な休みも取りやすい!",
17,venus6028,いいえ,元投稿,5時間,0,0,"フリーランスの業務委託でイベントとかの救護でーす☺️",
18,yukirin_2525,いいえ,元投稿,5時間,0,0,"中規模の病院の療養病棟
注入食・持続点滴・褥瘡・発熱のルーティン
積極的治療は急性期病棟のため転棟
急変時フルコースが少ない😌",
19,5160chro,いいえ,元投稿,6時間,5,0,"救急外来です

資格？とりません
認定？とりません
講師？致しません
主任師長？目指しません
ラダー？最低限しかやりません(年1)
院外研修？いきません(当初は行った)
看護研究？やりません(計画まではやったけど)

3分前出勤ビタ上がりは当たり前(繁忙してたら残業します)

忙しい時はトイレも行けないし水分も取れないし、夜勤は仮眠もできない時だってあるのにそんなのまでやれない
日々の業務だけやりたいんだよ

まぁ看護部はジェネラリスト推しだからいつかはどっかに飛ばされるんだろうけど、救急外来以外の業務に興味ないからその時は辞める

あと病棟勤務で、情報収集のために1時間以上前出勤なのにサビ残とかマッッッジで信じられない
必要な業務の一つなのにそんな悪習慣が罷り通ってるのが本っっっっっっ当に信じられない
病棟行くくらいなら辞めるつもり(病棟経験一切なし)",
20,aaaaa.aaaaa.san,いいえ,元投稿,6時間,0,1,"派遣でデイサービス行ってます！時給1800円、交通費800円付き、車通勤可👍️楽しいし3時間で疲れないし、お小遣い稼ぎにもってこい✨祝日子供の預け先ない日は子連れ出勤させてもらってます✨ストレスない職場が1番！",
21,moose.6927422,はい,aaaaa.aaaaa.san,5時間,0,0,"子連れ出勤できるのすごいです🥺✨✨
派遣もいいですよね〜🤍",
22,tumutumu0416,いいえ,元投稿,6時間,0,0,"施設ー
ギリに出勤して、ピタッで帰る！
これ鉄則！😤",
23,maiamaimai,いいえ,元投稿,6時間,0,1,"基本無職。たまに単発バイト。",
24,moose.6927422,はい,maiamaimai,5時間,0,0,"お金に余裕があればそうしたい（ ｉ _ ｉ ）単発バイトの方がラクですよね！",
25,12taro_taro12,いいえ,元投稿,7時間,11,1,"役所で、のんびり事務やってるよー☺
ヒマでやることない日ばかりだよー🥱
でも、パートなのにボーナスもらえるよー
早くこっちおいでー
怒鳴られることも、殴られることもないよー",
26,moose.6927422,はい,12taro_taro12,5時間,3,1,"わあ…素敵…🥺🥺役所の事務さんは公務員になるのですか？？",
27,12taro_taro12,いいえ,moose.6927422,3分,0,0,"会計年度任用職員っていう、臨時の公務員になるんです。
公立病院のパートさんもソレなんです。
でも、意識低すぎて、公立病院でもヤダーなので逃げました😅",
28,65_3215,いいえ,元投稿,8時間,0,0,"救急外来🥵",
29,shizuka_0621,いいえ,元投稿,8時間,0,0,"デイケアです
自分のデスクでゆっくりしてます",
30,otoai0428,いいえ,元投稿,9時間,0,0,"意識めっちゃ低いのに総合病院（急性期）2年目です。辞めたいと思いつつ求人を見て、給料とにらめっこしてます。今年中にはいいところ見つけたいです、笑笑",
31,eatrip1128,いいえ,元投稿,10時間,2,0,"療養病棟。楽かと思いきや寝たきりの中にも中途半端なのもいるし、人員不足で大変！",
32,tinajapinha_,いいえ,元投稿,12時間,1,1,"クリニックで内視鏡だよー。　
夜勤も寄り添う看護も患者の家族対応もしたくないし。患者さんとも一期一会て感じで私にはあってるよ。",
33,moose.6927422,はい,tinajapinha_,5時間,1,0,"一期一会‼️まさに‼️理想です🥺🥺",
34,s_grogu3434_s,いいえ,元投稿,12時間,0,1,"個人宅で訪問看護してました🥹
0歳の娘も一緒でいいよ〜と言っていただいて、我々のお部屋を用意してもらって育児しながらゆったりお仕事させていただきました🥲(夜勤なしでお給料も応援ナースくらいいただけました🥹)",
35,moose.6927422,はい,s_grogu3434_s,5時間,1,1,"初めて聞きましたなにそれ⁉️最高すぎません⁉️1件だけってことですか？？",
36,s_grogu3434_s,いいえ,moose.6927422,4時間,0,1,"一件だけです🥹🫣正確には訪看のくくりではないんですが、、💦利用者さん宅に母娘で居座ってました🫣🙇‍♀️",
37,moose.6927422,はい,s_grogu3434_s,2時間,0,0,"すごい！まだまだ知らない世界がありますね😳",
38,szhnh17,いいえ,元投稿,12時間,0,0,"訪問看護だよー。なぜかクリニックから訪看立ち上げることになり、なんちゃって管理者だよー。でも直行直帰で楽ちんだよー。",
39,pimo_p1,いいえ,元投稿,14時間,0,0,"ここのコメ欄の人たち羨ましいすぎる😂みんな何歳/何年目で今の状態なんかも知りたい、、🥲",
40,m_k_f.3,いいえ,元投稿,14時間,0,0,"美容〜！！暇な時はネトフリ観てます〜！点滴と採血機械出しくらいしかしません",
41,bliliant_yui,いいえ,元投稿,14時間,0,0,"回リハ！",
42,asa_dm,いいえ,元投稿,15時間,1,0,"保育園6年目
子ども好きだから毎日癒しと笑いがあって天国です
仕事内容はほぼ保育士だけど意識低い系なんで全く気になりません
公立なので給与もそこそこ出てます",
43,sami123444445,いいえ,元投稿,16時間,0,0,"オンライン診療🥰在宅ワークです",
44,kayo1002m.k,いいえ,元投稿,16時間,3,0,"デイサービスです！
同じ会社の訪看が閉鎖したため部署異動しました🫡
デイにいたらゆっくりできて他に行けないかも……",
45,nakamurar1993,いいえ,元投稿,16時間,0,0,"精神科。残念ながら旧世紀の急性期",
46,choco.choco023,いいえ,元投稿,16時間,0,0,"急性期にはいますがラダー上げもせずプリも研究もやらずに、妊娠出産して、今は時短で働いてます。
時短使えない年になったらデイサービスか保育園看護師したい、、",
47,liveintokyo88,いいえ,元投稿,16時間,0,0,"小さい美容クリニック🏥",
48,_2026.4.26,いいえ,元投稿,16時間,0,0,"意識低い系看護師9年目🫩育休中🫠めっちゃ参考になるコメ欄すぎて🙇🏼‍♀️💗いいなぁと思うところで働いている人が多くてびっくり🫢みんな何で夢見たいな職場探したんですかね💭🥺",
49,arupakayagihitsuji,いいえ,元投稿,16時間,0,0,"めちゃゆるクリニック！何科かは伏せますが、ほぼ座ってて採血件数も多くて10件、ない日もあります！あと居酒屋です😄",
50,non_mga625,いいえ,元投稿,16時間,0,0,"仕事は10分前に病棟へ行き、定時に帰ります！そしてプライベートは次の職場へ行く時のための自己スキル向上のため特定行為を修了しました！ね、仕事に対しては意識低いですよね？(笑)",
51,by___3110___,いいえ,元投稿,16時間,0,0,"半日の機能訓練型デイサービス🏋️利用者さんとウォーキングマシンしたりwwww職場自体がネイルもピアスもokでまじ意識低過ぎ系ですけど、突然急変起これば無駄に意識高い系の看護師もできます。急変起こらないのが1番です🙂‍↕️もう他に働ける所がありません👉🏼👈🏼",
52,happy_and_smile_510,いいえ,元投稿,16時間,1,0,"ローソンです😊",
53,sssumika,いいえ,元投稿,17時間,21,0,"おいらみたいな意識の低さでも、いるだけで助かる施設もあるんやろな〜。

夫の蕎麦屋です。
みんな食べに来てね。",
54,0202toshigonomama,いいえ,元投稿,17時間,0,0,"国立を辞め
高時給の児発でまったり…",
55,nagi_medcare,いいえ,元投稿,17時間,93,0,"エージェント側から見ていて、この質問の答えがいちばん本音が出ます。

人気なのは健診センター、企業の保健室、個人クリニック、デイ、訪問入浴あたり。共通してるのは、急変対応の頻度が低くて、業務の終わりが時間で切れることです。

ただ求人票では見分けがつかないので、面接で1つだけ聞くと早いです。
「前の方は、何時ごろ退勤されていましたか？」

定時で帰れる職場の人はスッと答えます。答えが濁るところは、だいたい濁ってます。",
56,kynntm,いいえ,元投稿,17時間,1,0,"はーい🙋‍♀️
夜勤したくない、本当は土日祝休みがいい。でも給料は下げたくない。で、透析室です。病棟よりは楽です。
本当は看護師辞めたいです。病院以外の求人を皆さんはどこで探してますか〜？",
57,oyuu_zr,いいえ,元投稿,17時間,8,0,"保育園ナースです！
子どもと戯れてます。
採血もできません☺️
1分前出勤もよくあり、ほぼ毎日退勤時間ぴったりにさようならです👋🏻😌",
58,tutut_u17,いいえ,元投稿,17時間,0,0,"病棟です
係、委員会、研究、カンファレンス、リーダー業務一切なし
定時退勤です",
59,mm_20210519,いいえ,元投稿,17時間,1,0,"はーい🙋‍♀️慢性期病院2年（奨学金借りてた年数ぴったり）→上京し更に慢性期の病院1年→内科クリニックでパートしながらフリーター1年→給料高めの精神科単価の病院を見つけそちらに落ち着きました😅丁度今7年目です。
学生時代から勉強が嫌すぎたのでこれ以上勉強してたまるものかと急性期は避け続け将来への不安は若干ありますが食いっぱぐれない資格持ってて良かったなって思います、向上心とかやりたい事がないことはないけど（助産師さんに憧れあります）現実問題子供2人抱えながら新しい事に挑戦するのは厳しそうなので、このまま精神科やクリニックや老人ホームみたいなところを転々とするのかなと思います。
因みに慢性期病院は覚えることは少ないですが労力に対する給料が割に合わないと思いました。",
60,azurin2424,いいえ,元投稿,17時間,1,0,"ほんっっっとに、のんびり働きたくて、日曜固定休、夜勤なし、オンコールなしの訪看に入ったはずが、何故か、ステーション管理者、運営責任者してる…🤪",
61,sakura.10135.n,いいえ,元投稿,17時間,1,0,"療養病棟で週4午前パート～🫶",
62,himawari07131976,いいえ,元投稿,17時間,1,0,"回復期です。療養病棟より全然楽ー。みんな勝手にトイレに行くだけで感動する。",
63,nekoko_nurse,いいえ,元投稿,18時間,0,0,"コメント欄が有益すぎる。保存してゆっくりみさせてもらいます🙏",
64,ka.so.mi83,いいえ,元投稿,18時間,0,0,"検診行ったけど会社に朝5時台に着いて終わりが7時とかになるから辞めましたー！内容しょぼいけど人手不足は同じでブラックでした🤣今はネイルの学校行ってます🥰笑",
65,shimaimama7,いいえ,元投稿,18時間,3,0,"ここ参考になります🤣
看護師辞めたい〜🤣🤣",
66,nomonomo_yui,いいえ,元投稿,18時間,4,1,"精神科のデイケア

医療行為ほぼゼロ
今更病棟に行く気はない",
67,moose.6927422,はい,nomonomo_yui,18時間,0,0,"精神科のデイケアは盲点でした！求人見たことないから人気で退職しないのかも…☺️",
68,cheetah.96838,いいえ,元投稿,18時間,17,1,"キャバ嬢に逃げて3年目です👗
看護師です〜って言うとかなり好印象で役立たせてもらってます笑
あと人間関係も今までで一番平和で良好で、同じ女社会でもこんなに違うのかとびっくりでした
そんな若くないので来年にはぬるま湯生活卒業して看護師に戻ろうかと思ってます😩😩(戻りたくない、、、)",
69,moose.6927422,はい,cheetah.96838,18時間,5,0,"私の友達もキャバ嬢に転職してました！いくつになってもやっていけるわけじゃないですもんね…たくさん稼いで投資とかで生きていけたらいいですよね〜（ ｉ _ ｉ ）",
70,bisukonurse,いいえ,元投稿,18時間,0,0,"総合病院……休みやすい。",
71,otter.9726371,いいえ,元投稿,18時間,1,1,"治験コーディネーターです！
コアタイムなしのフレックスで働きやすいです",
72,moose.6927422,はい,otter.9726371,18時間,1,0,"めっちゃインスタの広告にでてきますwwww
でもうちの近くでは求人ないんですよね〜気になります👀",
73,2023mmmi,いいえ,元投稿,18時間,2,1,"デイケアです！仕事の半分は高齢者とお話すること！認知症の方も多いけど普通に語り合える方もいるので人生の糧みたいな事も教えてくれてサイコーです！",
74,moose.6927422,はい,2023mmmi,18時間,0,0,"デイケアいいですよね〜！ただ給与面が気になってなかなか😭😭",
75,ohayo_pan,いいえ,元投稿,18時間,0,0,"新卒で受かった病院は
国試落ちて内定取り消しかと思えば
配属希望だった病棟です看護助手として勤務になり、
けど、国試に打ち込むために完全退職という名の
看護の現実見て、やめたくなったのが本音。

国試は無事受かって、資格とは関係なくサービス業の傍ら保健師の面接受けまくるも落ちて、それがしんどくて、年１海外に逃亡。そして今は専業主婦で母。

かれこれ国試合格から11年経とうとするけど
雇ってもらえるのかしら😇….",
76,han.shu.sou,いいえ,元投稿,18時間,9,1,"保育園です。
昼からは花紙開いたり、画用紙切って時給もらえるんで、他の仕事できませーん。",
77,moose.6927422,はい,han.shu.sou,17時間,1,0,"ほぼ保育士業務って聞きました🗣️
給与面どうですか？？",
78,anegonekosuki,いいえ,元投稿,18時間,1,0,"家の近所🏠",
79,_____d.d_120526,いいえ,元投稿,18時間,7,1,"ほぼ趣味と直結したサービス業！資格ぜーんぜん活かしてない(笑)
そのかわり、休みの日に施設ナースしてます！私にとって看護師はバイトです。",
80,moose.6927422,はい,_____d.d_120526,18時間,0,0,"それが一番いいかも‼️夜勤バイトとかコスパいいし〜🤔",
81,myy09021016,いいえ,元投稿,18時間,1,1,"今は、地ケアで働いてます🙄

めっちゃ転職の参考にしてます(笑)
子供育てるためにも生活しないといけないけど、なんでこの仕事選んだんだろうって思いますよね…
誰かの命とか怪我とか心配せずに、理不尽に怒られたり、暴力振るわれる事もない、在宅でもできる仕事とかだったら良かったのに…と思ってます。",
82,moose.6927422,はい,myy09021016,18時間,0,0,"一語一句同意。ほんと責任重すぎて嫌になります〜😩",
83,mkt0505mkt,いいえ,元投稿,18時間,1,0,"ものすごい意識低い系ですけど、ICUにいます。異動希望出してますけど、異動できてないです。まぁ、わたしみたいなのを異動させない方がわるーい🤣
意識低すぎて転職する行動すら起こすのめんどいです。The惰性です。",
84,nurse.mama_life,いいえ,元投稿,19時間,4,0,"精神科訪看です🙋‍♀️
社用車支給、直行直帰なので定時より早く帰られるし、援助もほとんどなく、赤べこのように首を縦に振って話を聞くだけです😂
給与は夜勤7回しているくらいですね💰
運転が仕事だと思ってます🚗💨",
85,mt_gonchan73,いいえ,元投稿,19時間,0,0,"小児科クリニックとスーパーの精肉掛け持ちよ😀",
86,uta_co_,いいえ,元投稿,19時間,0,0,"とりあえず、保存保存〜参考にさせていただきます！",
87,81h_a39,いいえ,元投稿,19時間,0,0,"施設内訪問看護です!
病棟に比べたらかなり緩く仕事できてるけれども、もう看護師したくないなぁと思いながら…お金の為に働いてます😭‎",
88,nana.y.77,いいえ,元投稿,19時間,17,1,"ナーシングホームで昼休み１時間終わってからも詰所でみんなでコーヒー飲みながら2時間くらい推しの話してまーす🙋‍♀️で、また1時間ほど働いたら座って帰る時間待ってまーすwwほんと最高。何で今まで病院なんかで働いてたんだろって思ってます。",
89,moose.6927422,はい,nana.y.77,18時間,8,1,"私も仲間に入れて欲しい、、、笑
最高すぎません？絶対辞める人いないwwww",
90,nana.y.77,いいえ,moose.6927422,18時間,6,1,"ぜひぜひお仲間になりませんか？笑
ほんと、辞める人いないです。みんな、会社に文句はあってもこんな楽な仕事ないから辞められないって感じです🫶そして、これだけ余裕があれば人間関係もギスギスしません！みぃーんな穏やかで優しいです🤭💓",
91,moose.6927422,はい,nana.y.77,17時間,3,1,"なんで最高な職場…そういうところに当たるまで転職繰り返すしかないかあ💪wwww",
92,nana.y.77,いいえ,moose.6927422,17時間,0,0,"私も５度目の転職でやっと今の職場です（泣）なかなかこの業界ブラックしかないですもんね😭転職応援してます！📣",
93,maako0628,いいえ,元投稿,19時間,61,1,"スーパーでシャンプーとか出してまーす！
最近は冬物のリップとかハンドクリームとか来て並べるのめちゃくちゃ楽しかった〜▓

二度と看護師やりたくない",
94,moose.6927422,はい,maako0628,18時間,6,0,"羨ましい…",
95,pino.pino109,いいえ,元投稿,19時間,5,0,"田舎で看護師の時給安すぎなくせに、仕事は忙しく責任重大でバカらしくなり…。看護師辞めて、今はタイミーでいろんな所に行ってます！",
96,mochiko.0425,いいえ,元投稿,19時間,23,1,"予約制じゃない
ガラガラの町医者〜！
医者と世間話するお年寄りしか来ないとこ〜！

それも週3、昼までの3時間だけ〜！🤣",
97,moose.6927422,はい,mochiko.0425,18時間,1,1,"最高な働き方‼️気になるのは給料💰笑",
98,mochiko.0425,いいえ,moose.6927422,18時間,1,1,"ど田舎で時給1500えーん！",
99,moose.6927422,はい,mochiko.0425,18時間,0,0,"うぅ…旦那にその分稼いでもらって…も、うちは回らないっ…やっぱりクリニック系は給与面が限界ありますね…（ ｉ _ ｉ ）",
100,aya.24karats.3jsb,いいえ,元投稿,19時間,0,0,"意識低いですが、年間120日の休みがあるので転職ができない総合病院の透析室です。",
101,buk0.t,いいえ,元投稿,19時間,0,0,"専業主婦です〜‼️",
102,mikitangram,いいえ,元投稿,19時間,1,0,"グループホームで元気なじーちゃんばーちゃんとの〜んびりお話ししながら爪切りしてまーす！",
103,a.yuuumi.52,いいえ,元投稿,19時間,56,1,"看護師のコールセンターです♩
人間関係皆無で
壁ありマイデスクで
1人休憩出来て天国です♩笑笑",
104,gabriel.syme,いいえ,a.yuuumi.52,15時間,0,1,"疲れに𖭲ゃꩢ❣️🐾",
105,a.yuuumi.52,いいえ,gabriel.syme,15時間,1,0,"お疲れにゃん🐱",
106,chii_isk,いいえ,元投稿,19時間,1,0,"総合病院で外来の患者さんとニコニコ話しながら検査用ルート取るだけのお仕事マジでスキー

アレルギーだけはでないでー😭",
107,momotaron1234,いいえ,元投稿,19時間,0,0,"パートで働いてたけど、子どもが学童に入れなくて4月からニート生活
みんなどこで求人探してるんだろう🤔",
108,black_vkei,いいえ,元投稿,19時間,1,1,"障がい者通所施設、生活介護ですー
毎日、食事介助と入浴介助ですー
インスリン注射、内服薬管理もあります
たまーに漏れたー！！って言われてストマ交換してます",
109,moose.6927422,はい,black_vkei,19時間,2,1,"ラクですか？",
110,black_vkei,いいえ,moose.6927422,19時間,2,1,"誰も体調崩さないと暇な時間あります
掃除が行き届いてない施設なので…
廊下掃除したり…
窓拭きしたり…
更に暇な日は看護系の本を中心に読書してます
『病気がみえる』シリーズなら仕事してるっぽくなるから復習がてら読んでます😆",
111,moose.6927422,はい,black_vkei,18時間,3,1,"なぬ‼️意識高い系が紛れ込んでいるぞ‼️お巡りさん、ここです‼️",
112,black_vkei,いいえ,moose.6927422,16時間,0,0,"あはははwww
時間ありすぎて太ってきましたー！！！！",
113,_y.a.m_ear_yuumi_,いいえ,元投稿,19時間,22,1,"意識低すぎて看護師辞めて、雑貨屋さんで接客パートしてまーす。",
114,moose.6927422,はい,_y.a.m_ear_yuumi_,19時間,7,1,"羨ましい〜給料面考えて転職できずにいます😖",
115,_y.a.m_ear_yuumi_,いいえ,moose.6927422,19時間,1,0,"諸事情で10年前に辞めてしまい、さあそろそろ働かねば…と思った時に『人の命…こわい…』となり、看護師として復帰するのを辞めました。

それが、看護師として戻るにしてもパートなんですが、この地域時給あまり変わらないんですよ…恐ろしいことに…",
116,kaze_riri3,いいえ,元投稿,19時間,3,1,"精神科の訪看に落ち着いてます。直行直帰。訪問ない時は家に帰ってます。週休２日で祝日も休みです。",
117,moose.6927422,はい,kaze_riri3,19時間,0,1,"精神の訪看って結構大変なイメージです！こちらの精神的に（笑）",
118,kaze_riri3,いいえ,moose.6927422,19時間,0,0,"大変とか怖いとかいうイメージ持たれがちですが、案外そうでもないですよー。爆笑しすぎてお腹はちきれてしまうときもあるくらい。でもバリバリやりたい人にはつまんないと思います！",
119,shishimar2025,いいえ,元投稿,20時間,153,1,"人気ラーメン店で
「へいらっしゃ〜い！」とバリバリ働いております！時給はナースと変わりません(^o^)",
120,moose.6927422,はい,shishimar2025,19時間,39,0,"おおー！！！時給一緒ならかなりアリ‼️命かかってない仕事したいです😭",
121,sumikou45,いいえ,元投稿,20時間,66,1,"この投稿消さないで下さい…",
122,moose.6927422,はい,sumikou45,19時間,25,0,"永久保存版です💪",
123,mitsu3no.imo,いいえ,元投稿,20時間,0,0,"周りに何も無い不便な昔の療養所⇒今は機構になって国立時代を引きずった(全てが中途半端)な病院。ヒソヒソ▓",
124,hi_2512,いいえ,元投稿,20時間,4,0,"前職は院長が亡くなって失業しました。
良い求人が無かったので仕方なく今の職場(介護系)に来ましたが、ブラックなので本当にイヤです。",
125,yuuka.luckygirl,いいえ,元投稿,20時間,0,1,"クリニックです〜！

夜勤なし、残業なし、勤務日数少なめ。",
126,moose.6927422,はい,yuuka.luckygirl,19時間,2,0,"クリニックは医者との相性大事ですよね🤫",
127,kuronekokuromaty,いいえ,元投稿,20時間,4,1,"意識低くて、看護師辞めて今無職😝",
128,moose.6927422,はい,kuronekokuromaty,19時間,0,0,"私も無職になりてえ〜‼️‼️‼️",
129,kakan3775,いいえ,元投稿,20時間,5,1,"え〜、某企業のコールセンター7年目！",
130,moose.6927422,はい,kakan3775,19時間,3,1,"看護から離れたんですね！？羨ましい‼️給料どうですか？？",
131,kakan3775,いいえ,moose.6927422,19時間,0,1,"家庭優先のために切り替えたんで、給料はめっちゃ安いです😅　でも、希望休100%しかも急な休みも取りやすく、定時きっかりで上がれるし、持ち越しの案件なし！　人間関係もほぼ良好。

お金＜精神衛生☺️",
132,moose.6927422,はい,kakan3775,17時間,1,0,"なるほど！！やっぱり看護を離れるときは給与面で多少の妥協が必要ですよね（ ｉ _ ｉ ）",
133,enyu12130502,いいえ,元投稿,20時間,82,1,"上級国民の個人宅でお世話になっております",
134,moose.6927422,はい,enyu12130502,19時間,65,1,"詳しく…聞かせてくれねえか…",
135,enyu12130502,いいえ,moose.6927422,19時間,88,4,"コミュニケーションのされ方が
非常に個性的な方で…
秘書さん経由で お心持ちに合わせて対応出来る看護師を探されていたのですが、どの看護師も一週間持たず辞めてしまう(最短2分)

加えて病院という場所や
バイタル測定を始め 必要な医療行為が極端に苦手なため、お気持ちの様子を見ながら 或いは前向きになっていただくために、荒れたご気分から発せられる素直なお言葉を頂戴しながら、必要なお声掛けをさせていただく職場です

看護以外に、お食事の準備やお洗濯、お屋敷内のお掃除、愛犬のお散歩などの日常のお世話も、あなたがやりなさい と言われればさせていただきます

理不尽には馴れたし、勤務時間は日によりますが大抵30分～4時間程度
お給金がよすぎて辞められない！！笑",
136,wagamom7,いいえ,enyu12130502,18時間,2,0,"デヴィ夫人のおうちですか👑✨笑",
137,moose.6927422,はい,enyu12130502,18時間,14,0,"おお…‼️すごい世界‼️
短気な私には到底無理なお仕事でした😂😂
そんなに給料がいいとは…いろんな仕事がありますねえ🥺",
138,pyaachi,いいえ,enyu12130502,17時間,2,1,"最短2分でギブした方、何があったのか、めっちゃ、気になります‼️笑
怖いもの見たさで、体験してみたい自分がいつつ、、、訪看で癖のある方の訪問でいくつか地雷踏んできたから、多分、30分くらいでクビかな😆
才能あるんですね、コミュ力お化け👻✨なんですかね！？お給金いいのも内容が誰にでもは務まらないからこそ、、すごいです👏✨✨",
139,jinghushangmeibao,いいえ,enyu12130502,17時間,1,0,"私もやってみたいなぁ🤭",
140,enyu12130502,いいえ,pyaachi,17時間,3,1,"ご本人さまの面接で
お心持ちそのままの言葉を浴びられ
それが堪えたようです…",
141,pyaachi,いいえ,enyu12130502,9時間,1,0,"、、、病棟とか施設とか、周りに同業者が多数いる現場で聞く""お心もちそのまま""と違い、在宅でアウェイ感満載な場で、1人でそれを受けるのとは、重さがまるで違いますからね💦　主さん、すごいです、才能です。その方も主さんと巡り会えて幸せですね^ ^",
142,oo.li1y.oo,いいえ,元投稿,20時間,16,1,"急性期やりたくない、夜勤やりたくない、成人の相手をしたくない、という理由で特養に行きました。
お金よりも自分が働きやすいか…に重きを置きましたが、これで良かったと思っています。
卒後3年目から特養来ましたが、それから10年。案外色々なことを学べているなと感じています。",
143,moose.6927422,はい,oo.li1y.oo,19時間,1,1,"急性期やりたくないまじでわかります。移動とかないですか？",
144,oo.li1y.oo,いいえ,moose.6927422,19時間,1,0,"看護の仕事と介護の仕事はちゃんと分かれているので、ベッドから車椅子への移乗介助とかは基本的に介護課担当です。時々看護師もやりますが、軽介助の人くらいしかやらないです…というか介護課の方が圧倒的に上手なので、無理と悟った時はすぐお願いしています。あとオムツ交換も。

日常生活援助の全てをやらなくていい分、私には働きやすいですね。",
145,gubxssjjdsrjjv,いいえ,元投稿,20時間,3,1,"クリニックで週3午前のみです笑
車で30分かかるけど時給いいので辞められません",
146,moose.6927422,はい,gubxssjjdsrjjv,19時間,1,1,"めっちゃ理想です🥺🥺ちなみにいくらですか🤑",
147,gubxssjjdsrjjv,いいえ,moose.6927422,18時間,0,1,"時給2000円、交通費は5000円/月で手取り12万くらい頂いてます💰",
148,moose.6927422,はい,gubxssjjdsrjjv,18時間,0,0,"週3がまじで理想です…教えていただきありがとうございます😊",
149,tiger.4487915,いいえ,元投稿,20時間,462,1,"ねー
思わん？

意識低い看護師でもさ
人数が必要なのよ現場には

なんで病院は、目標だの研究だの認定だの　もっともっと高みを！なの

現実人手不足が激しくて、それどころじゃないだろうよって

今日本は、医療現場が崩壊してんのよ
やる気とか　大切だけど
淡々とやる、そんな人材が一番大切だろうよ！って",
150,pyaachi,いいえ,tiger.4487915,17時間,22,0,"ですね！高みを目指させるんじゃなくて、低み？笑を安定させ稼働させる仕組みづくり。ボトムアップ✨にしてほしい。最低限の安全、普通に人として思いやり、業務を皆んなで手分けして終わらせる空気の良さ。
それで、ちゃんと給料アップ⤴️",
151,kea.teka,いいえ,元投稿,20時間,6,1,"介護施設です。
お給料安いけど、看護師必須のところではないので、休みが自由に取れます。5連休もOKだし、出勤自体もフレックス勤務状態です。
介護士さんの理解のもと成り立っているので感謝しつつ、子供の用事以外はちゃんと働いてますが。
細く長く続けるにはうってつけ。",
152,moose.6927422,はい,kea.teka,19時間,1,1,"なにそれ最高😭✨✨
ということは看護師は主さんひとりですか？",
153,kea.teka,いいえ,moose.6927422,19時間,1,1,"そうです。
私が休みの時の緊急時はとなりの同じグループの看護師に相談に言ってくれるので、子育て中には本当にありがたい職場です。
うちは子供に手がかかるので辞めたいなぁと思うこともありますが、なかなかこさこまでの好条件はないですよね。",
154,moose.6927422,はい,kea.teka,18時間,1,0,"辞めちゃうと勿体無いですね💦かなりいい‼️",
155,mamekichi.nakaji,いいえ,元投稿,20時間,6,1,"グループホームの巡回です。
基本「変わりなし」です。",
156,moose.6927422,はい,mamekichi.nakaji,19時間,3,1,"一時期バイトしてました！ガチラクですよね♩それ一本ですか？",
157,mamekichi.nakaji,いいえ,moose.6927422,18時間,0,1,"一本です！白癬爪切りとの戦いです。",
158,moose.6927422,はい,mamekichi.nakaji,18時間,0,0,"私爪切り嫌いです…特に足親指のごつ盛肥厚爪…
でもグループホームありですね🤔",
159,c4t.baby1113,いいえ,元投稿,20時間,159,1,"看護師1人のクリニックです！
先生が儲けたいみたいなのがないので、仕事もゆったり、毎日仕事中携帯一回は充電し直さないといけないくらい触りまくってます笑笑
仕事中お菓子ジュース食べまくりです、受付さんとおしゃべりもしてます！",
160,moose.6927422,はい,c4t.baby1113,19時間,46,0,"そんなクリニックが？！夢の国？！",
161,bntp0514,いいえ,元投稿,20時間,2,1,"低いけど救急です
移動はしんどくて希望も出さないので十数年同じところで働いてます",
162,moose.6927422,はい,bntp0514,19時間,2,0,"救急なんて私には縁のない場所だ、、、尊敬です🫡",
163,qinghongcha5,いいえ,元投稿,20時間,1,0,"めっちゃ知りたいです〜",
164,meronpan81,いいえ,元投稿,20時間,11,1,"小規模多機能です
調理に、訪問、掃除、庭仕事、ごみ捨て周り、看護師だったけってなります🌀",
165,moose.6927422,はい,meronpan81,19時間,13,0,"実習してるときに将来働きたいって思ったんだった‼️思い出した‼️求人みてきます‼️ありがとうございます‼️‼️私はそう言う仕事がしたい‼️‼️",
166,noriko.1392,いいえ,元投稿,20時間,41,2,"意識底辺です〜🤣
クリニックの病棟行ったのに
まさかの意識高い系多すぎて
辞めて今ニートです(^O^)
精神戻ろうかなー。
まじでやる気も向上心もない🙏",
167,moose.6927422,はい,noriko.1392,18時間,7,0,"底辺仲間🤘やる気も向上心もないまま
中堅まできてしまってやばいです🙂",
168,cocoa__0121,いいえ,noriko.1392,9時間,0,1,"精神めっちゃ気になってますー！！
精神どうですか？？",
169,noriko.1392,いいえ,cocoa__0121,8時間,0,0,"ラクでしたよー😆
比較的意識低い民多いんじゃないですかねー。治らないし治す気もないし（笑）
今は高齢化で半分老健みたいなとこが
多いみたいですけどね。
だとしても所詮ルーチンワーク、急変しないしやる事やって定時ダッシュで帰れると😆",
170,hashu0320,いいえ,元投稿,20時間,42,1,"採血のみの内分泌内科です。
注射指導は看護師はやらず外部の薬剤師さんを呼んで指導してもらってます。
SMBG指導くらいしかありません。
院長からは、糖尿病療養指導士は取得しても意味がないと言われているので誰も取りません。
意識低いDrなので最高です！",編集済み
171,moose.6927422,はい,hashu0320,18時間,7,1,"最高すぎる、、、！やっぱり医者との相性大事ですよね🙆🏼‍♀️",
172,hashu0320,いいえ,moose.6927422,7時間,2,0,"本当に医者との相性大事ですよね！
しかも、歩行状態がおかしい患者さんがいたので足を見せてもらったんです。
壊死していたので院長に報告。
院長から、うちはフットケアや皮膚科処置はやりたくないんだから、見つけるんじゃないと怒られました😅
紹介状書くのもめんどくさいと言いながら書いてたので、申し訳ない気持ちでいっぱいです。",
173,aka7480954,いいえ,元投稿,20時間,60,1,"看護師？やめちゃった！",
174,moose.6927422,はい,aka7480954,18時間,10,0,"それが一番羨ましい‼️‼️",
175,okayu.kurage,いいえ,元投稿,20時間,0,0,"しょうもない3次救急！",
176,gchagacha_ema,いいえ,元投稿,20時間,0,0,"施設内訪問看護",
177,musinsan00,いいえ,元投稿,20時間,4,0,"地域包括ケア病棟だよー。",
178,mee33galbu,いいえ,元投稿,21時間,574,1,"え〜なに〜？👂🏻🖐🏻コメダ珈琲だよ〜☕️",
179,moose.6927422,はい,mee33galbu,21時間,161,0,"ちょっともう〜好きすぎ〜〜✌🏻💖💖",
180,mimi000baby,いいえ,元投稿,21時間,368,1,"企業の保健室〜
コーヒー飲みながら「仕事しんどいよね〜」て老若男女とだべってます☕️",
181,moose.6927422,はい,mimi000baby,21時間,84,0,"企業看護師興味ありありです👀がなかなか求人出ず…いいな羨ましいです☺️",
182,cherry__welllll,いいえ,元投稿,21時間,13,1,"施設です。だけど看護師って面倒すぎて辞めたい",
183,moose.6927422,はい,cherry__welllll,20時間,1,0,"私も辞めたい…でも同じだけの給料貰おうと思ったら結構難しくないですか？😢",
184,tysaa.e,いいえ,元投稿,21時間,19,1,"療養病棟です。99%看取り。
たまに延命希望されるけど、結局看取りになります。
仕事内容は、オムツ交換、食事介助、褥瘡処置、点滴管理が９割しめてます。
それなりにいろいろあるけど、融通効きすぎて離れられてない。",
185,moose.6927422,はい,tysaa.e,20時間,2,1,"なるほど〜！療養は同じことの繰り返し系なんですね！子育て落ち着いたらアリかも？",
186,tysaa.e,いいえ,moose.6927422,20時間,3,1,"子育て真っ只中！
夜勤は週末で！ってお願いして、希望通るので辞められません、、、
定時でほぼ帰れるので異動させてもらいました！
情報収集も少ないですよ。",
187,moose.6927422,はい,tysaa.e,18時間,1,1,"魅力的‼️ただ病棟に戻るのは結構ハードル高いかも🤭",
188,tysaa.e,いいえ,moose.6927422,18時間,0,1,"病棟は夜勤あるから、お金も少しいいですからね💦子育て真っ只中だからこそ、お金が必要で😢理想はデイサービス！",
189,moose.6927422,はい,tysaa.e,17時間,0,0,"わかります‼️デイでゆるーり働きたいです（笑）お金さえあれば、、、！",
190,01e.r.l.02,いいえ,元投稿,21時間,1,1,"私は外来。たまに乗ってくだけの搬送と下り搬送がくる。パートなので、面倒くさくなったら辞めます🫡",
191,moose.6927422,はい,01e.r.l.02,20時間,0,1,"外来はしごできナースと見た‼️私には無理だ（ ｉ _ ｉ ）",
192,01e.r.l.02,いいえ,moose.6927422,19時間,0,1,"全然。。寧ろ、看護師としてどうなのかと毎日問うてます。",
193,moose.6927422,はい,01e.r.l.02,19時間,0,0,"看護師の責任重くてほんといやです☹️",
194,east3103,いいえ,元投稿,21時間,163,1,"健診センターです。
他人の健康なんてどうでもいいのに、未受診の受診者には「ピンピンコロリでいけると思わないでください。このままだと倒れて介護暮らしですよ」とか、言ってます。",
195,moose.6927422,はい,east3103,20時間,21,0,"健診センター！いいですね！！！採血祭りですか
？☺️",
196,kitamai_desu,いいえ,元投稿,21時間,59,1,"ここのコメント欄参考にします",
197,moose.6927422,はい,kitamai_desu,20時間,19,1,"私もですwww求人のようなコメ欄になって最高✌🏻",
198,kitamai_desu,いいえ,moose.6927422,20時間,1,1,"たしかに求人みたいですね笑笑😂",
199,moose.6927422,はい,kitamai_desu,19時間,3,0,"意識低い系のみなさんの参考になってるようで
呟いて良かったです😂🤍",
200,hima.mizu,いいえ,元投稿,21時間,27,1,"透析クリニックです。
最近、意識高い系に看護部が引っ張られそうになっています。
私は生活のために働いているので、うーん…です。",
201,moose.6927422,はい,hima.mizu,20時間,8,1,"生活のために働いてる、に大きく頷いてます。ほんそれすぎて。透析は患者がややこしいイメージです😮‍💨",
202,hima.mizu,いいえ,moose.6927422,20時間,1,0,"クリニック自体は、アナログなので…。そこをもっと改善してくれよ…と心の中で思う反面。（ま、お金のいることなので何とも。院長の方針には従わないと、です）
透析に付随する他の業務を小チームに分けて仕事与えられます。
が、上が色んな決定権を持ってる割にはキャパオーバーで。上の承認待ちみたいなところもあり。うーん。
指揮系統ちゃんとしてから仕事増やしてくれよ、と思います。",
203,htp_405,いいえ,元投稿,21時間,2,0,"官公庁事務補助っす。非常勤なのに重役出勤っす！",
204,shiika5158,いいえ,元投稿,21時間,1,0,"看護師と医療事務の兼務ですが、体を壊したのをきっかけに事務職の比率を大幅に増やしました。所属長には看護師引退を願い出ています",
205,hanu.guutara,いいえ,元投稿,21時間,12,2,"特養です〜看取りもあるけどやることやって、ほんわかした雰囲気で働いてます😊給料も病院のときよりも上がったので言うことない🤣",
206,hottahisato,いいえ,hanu.guutara,20時間,0,0,"すごいですね",
207,moose.6927422,はい,hanu.guutara,18時間,0,0,"夜勤なしですか？それで給料上がるなら最高すぎます😊",
208,hxsxl_yi,いいえ,元投稿,21時間,1,0,"クリニックです！給料やすい🙄拘束時間ながい🙄でも心身ラクで人間関係もいいのでやめられないです",
209,knc_hk,いいえ,元投稿,21時間,59,2,"特養です〜
薬のセットと体調チェックです☑️残業なし、介護業務は無いのでお風呂介助、移乗などありません〜
暇すぎて気が狂いそうになるときあります。",
210,moose.6927422,はい,knc_hk,18時間,21,0,"私も暇で気を狂わせたい‼️（狂気）
羨ましいです！",
211,aman0jack.xx,いいえ,knc_hk,8時間,1,1,"特養とかデイとか介護系興味あるけど介護士からの謎の僻み妬み、圧が怖そうでチャレンジ出来ない…",
212,knc_hk,いいえ,aman0jack.xx,8時間,1,0,"ナースもだけど、介護士さん色んな人がいます‥入ったばかりの頃はマウント？みたいなこともありましたけど、知識技術経験を積んできたナースなら大丈夫です。
正しいことを分かりやすく説明できれば良いんですけど、そもそもの習っている内容が少しズレていて〔介護福祉士の試験問題見れば分かります〕
分かりあうのは難しい😓一線引いて割り切れれば大丈夫かも。",
213,yun__new,いいえ,元投稿,21時間,9,0,"潰れるのも時間の問題だろう、整形外科病院の外来。",
214,misk8er,いいえ,元投稿,21時間,4,0,"来年転職するつもりなので参考にします！",
215,noa31__home,いいえ,元投稿,21時間,18,1,"クリニックで〜す✌️
時間ギリギリ遅刻もたまに、患者さんがいないときは椅子に座って雑談、看護業務以外はなにもしない。
院長が残念だけどラクだからやめられない。。",
216,moose.6927422,はい,noa31__home,18時間,3,0,"看護師同士が仲良かったら暇でも問題なしですね🙆🏼‍♀️羨ましい！",
217,_natsu.mama_,いいえ,元投稿,22時間,4,0,"総合病院の外来パートです☺️",
218,maru_mama601,いいえ,元投稿,22時間,26,1,"特養
夜勤なし、看護計画なし
オンコールあるけど、ほぼない鳴らない

毎日、定時で帰ります",
219,moose.6927422,はい,maru_mama601,18時間,2,1,"いい特養ですね‼️看護師は数名いらっしゃるんですか？",
220,maru_mama601,いいえ,moose.6927422,18時間,0,1,"古い施設で、100名位以上の
利用者さんが入居されてます

なので看護師も、平日は最低4人
休日は2〜3人でまわしてます",
221,moose.6927422,はい,maru_mama601,18時間,2,0,"それだけ看護師がいると急な休みがあっても回りますね！夜勤ないのいいですよね〜😖❣️",
222,12.10sk,いいえ,元投稿,22時間,309,3,"クリニックです✌️
5分前に出勤して終わったら秒で帰ります😂笑
夜勤なしの病院時代よりお給料はもらえてますし、日々勉強！！感がまったくなく楽です笑",
223,tam8.shirooo_9,いいえ,12.10sk,22時間,64,1,"全く一緒でぇす🥹💖💖💖💖💖💖
退勤時間30秒前からタイムカードの前で待機してまぁぁすww",
224,12.10sk,いいえ,tam8.shirooo_9,21時間,6,0,"委員会🥹？
看護研究、、🥹？
多重課題、、、？🥹
なにそれ？？🥹ww",
225,maternity.account_04,いいえ,12.10sk,19時間,0,1,"横からすみません🥺
地域にもよるのはわかっていますが、どんなクリニックだったら病棟よりもお給料が貰えるんでしょうか？🥺✨",
226,12.10sk,いいえ,maternity.account_04,18時間,0,0,"手術ありの眼科なので、手術なしのクリニックよりは手当等が付くのでそこが大きいかなと思います！",
227,moose.6927422,はい,12.10sk,18時間,21,0,"羨ましいです🥺🥺大当たりクリニックですね！！そんな求人どこに、、、！",
228,mashumaro3,いいえ,元投稿,22時間,31,1,"採血室５年目です〜！日々採血だけがあるのみです(笑)",
229,moose.6927422,はい,mashumaro3,18時間,3,2,"大きな病院の採血室ですか？そこに希望出せるんですか❓",
230,mashumaro3,いいえ,moose.6927422,16時間,1,1,"一応国立の大学病院です！たまたまパート募集してまして、入ってからずっと採血室です💉",
231,cocoa__0121,いいえ,moose.6927422,9時間,0,0,"横からすみません！大学病院の採血室でインディードで募集出てました^ ^大阪です！",
232,moose.6927422,はい,mashumaro3,5時間,1,1,"なるほど！！！やっぱり求人を見張るしかなさそうです🤔笑",
233,mashumaro3,いいえ,moose.6927422,3時間,0,0,"ですです！ハローワークだけでなくナースセンターなども行って見張ってみて下さい〜✨",
234,teriyaki_yummy,いいえ,元投稿,22時間,13,1,"パート事務しています。
看護師資格所持が応募条件でした。
面倒くさい人らとの関わりがないため気に入ってます。",
235,rorommyy,いいえ,teriyaki_yummy,21時間,4,0,"パート事務気になります❗️
看護師疲れてしまって。。。",
236,misaatarimo,いいえ,元投稿,22時間,78,1,"健診センター
1日2人の人間ドック案内
結果表作り
給料高くないけど、この仕事量なら全然アリ✨",
237,moose.6927422,はい,misaatarimo,18時間,0,0,"めっちゃ良い‼️ちなみに給料はどれくらいですか…？🫣",
238,momonga.2525,いいえ,元投稿,22時間,7,0,"施設です！夜勤無しなので給料は激安ですが、急変や状態悪い方がいなければほとんど座ってるだけの日もあります😂",
239,harure3,いいえ,元投稿,22時間,2,0,"事務職に転職予定です（笑）",
240,nya.mi__n,いいえ,元投稿,22時間,95,1,"デイサービスー！！　でゆったりきままに働いてたけど新しく来た管理者が意識高い系で仕事増えてきたからそろそろ辞めようかなって思ってるー！！😊",
241,moose.6927422,はい,nya.mi__n,18時間,27,0,"うわー掻き乱すな管理者‼️",
242,jinseikutakuta,いいえ,元投稿,22時間,19,1,"委員会と研究と新人教育と残業やりたくないのでデイサービスです🙋‍♀️",
243,moose.6927422,はい,jinseikutakuta,18時間,1,0,"デイサービス気になるけど給料が不安です（ ｉ _ ｉ ）",
244,momon_chan_53,いいえ,元投稿,22時間,0,1,"ナーシングです！このままでいいのかな？って何度も思います😂",
245,moose.6927422,はい,momon_chan_53,18時間,0,0,"結構重症多くないですか？💦",
246,mm_kriw,いいえ,元投稿,22時間,374,3,"デイサービス！看護師さーんって呼ばれるまで座ってる",
247,binvin1340,いいえ,mm_kriw,21時間,3,1,"俺も採用してほしい😂",
248,moose.6927422,はい,mm_kriw,18時間,35,1,"デイサービスアツいですよね❤️‍🔥でも給与面が不安でなかなか😢",
249,aigis.golgoneion2,いいえ,mm_kriw,3時間,1,1,"激しく同意。",
250,mm_kriw,いいえ,binvin1340,2時間,1,1,"ぜひ😂
座ってテレビ見て、利用者さんや介護士さんと喋って風呂から呼ばれて軟膏塗ってまた座って😂
暇でいいです！笑",
251,mm_kriw,いいえ,moose.6927422,2時間,0,0,"うちは時給いいみたいです！(周りの人に聞いたらデイサにしては高いと！)
残業、夜勤ないのであれですが、体力は余るので副業もしてなんとか収入確保してます✨",
252,mm_kriw,いいえ,aigis.golgoneion2,2時間,0,0,"デイサですか！
呼ばれても軟膏ぬりぬりするくらいですぐ仕事終わってすぐ座ってます😂",
253,binvin1340,いいえ,mm_kriw,2時間,0,0,"今すぐ履歴書送ります！！
雑務は俺がやるので座って指示だけ出してもらったら！！！！",
254,yu_h_y.f,いいえ,元投稿,22時間,6,1,"クリニックは病棟と違い過ぎてすごい楽です〜👏🏽ただ患者さん来ないとすごい暇です😪",
255,moose.6927422,はい,yu_h_y.f,18時間,0,0,"暇なところがいいです‼️",
256,s.y.n.r.byby,いいえ,元投稿,22時間,129,2,"低いくせに急性期総合病院で働いてます🫩",
257,moose.6927422,はい,s.y.n.r.byby,18時間,14,1,"なぜ‼️すごい‼️",
258,s.y.n.r.byby,いいえ,moose.6927422,18時間,8,1,"お給料と人間関係が良いので、なかなかやめられません🫩仕事は常にやる気ゼロです🫩🫩笑",
259,sangaino_hito,いいえ,s.y.n.r.byby,18時間,1,1,"低いのに働けてるのがすごい！",
260,s.y.n.r.byby,いいえ,sangaino_hito,18時間,0,1,"シングルマザーなので、しっかり働かなければいけないのです💪",
261,sangaino_hito,いいえ,s.y.n.r.byby,18時間,1,1,"シゴデキの匂いがプンプンします❤️
私は助産師なのに、急性期が苦手で、今は慢性期で働いてるのですごいなぁと思いました🤩",
262,moose.6927422,はい,s.y.n.r.byby,17時間,3,1,"すごい…勉強とかまじでしたくないから
急性期はほんとに無理だ😱",
263,s.y.n.r.byby,いいえ,moose.6927422,8時間,0,0,"勉強なんて全くしてませんよ😆
年に2回は研修やセミナーを受けなければならないのですが（テーマは自由、自己で）、オンライン研修を選んで、　流してるだけです。笑
もちろん無料のやつを必死に探します。笑",
264,s.y.n.r.byby,いいえ,sangaino_hito,8時間,0,0,"いやいや、ただただ日々の業務をこなすのみです😆",
265,badger.6408825,いいえ,元投稿,22時間,18,1,"意識低い系の看護師さん、そんな方がありがたい😁✨",
266,badger.6408825,いいえ,badger.6408825,21時間,0,0,"お近くの方がいらっしゃいましたら当施設へお誘いしたいです♪",
267,nana_ren_321,いいえ,元投稿,22時間,2,0,"透析です。",
268,muchimi0405,いいえ,元投稿,23時間,14,1,"大学の保健室",
269,moose.6927422,はい,muchimi0405,18時間,1,1,"養護教諭ですか？？",
270,muchimi0405,いいえ,moose.6927422,18時間,0,1,"看護師です(*^^*)",
271,moose.6927422,はい,muchimi0405,18時間,0,0,"なんと！小学校とかのイメージ強かったですが大学かあ😊",
272,yoshiemon1,いいえ,元投稿,1日,77,1,"訪看です。言われたルートを、日々回るだけ…報告はタブレット、説明できないような場面は、フォトでデータ送ります。",
273,moose.6927422,はい,yoshiemon1,18時間,13,1,"1人で見るから知識量求められません？💦",
274,yoshiemon1,いいえ,moose.6927422,18時間,13,4,"大学病院辞めて訪看に転職しましまが、転職して1週間感染防止のために足浴をしたら「あなたが足浴するとみんながやらなきゃいけなくなる」と、褥瘡のポケット深サイジングしたら「綿棒突っ込んだりしないで」と、下肢浮腫の経過のためサイジングしたら「そんなの必要ない」と、持ってる知識を出す必要がないのだと認識しました。今の職場では知識は求められないです。",
275,cheetah.96838,いいえ,yoshiemon1,18時間,5,1,"逆に意識低い系を求められるめんどくさい職場ですね笑😩
慣れるまでやりづらそう",
276,yoshiemon1,いいえ,cheetah.96838,18時間,10,0,"嫌でも目がいってしまうことってありますよね。そこでの観察は記録に残します。発赤出現っていつから？記録に書いてあります。私記録読まないんで、言ってくれないと困りますってポンコツなことほざいていました。",
277,sssssayuriiiii0912,いいえ,yoshiemon1,17時間,1,0,"訪看あるあるですね😂

最初に居座ったもの勝ち！
その人が間違っていたとしても絶対服従！
じゃなきゃ円滑に仕事できません！笑",
278,bat.91819919,いいえ,yoshiemon1,4時間,0,1,"そういう訪看で働くのしんどくないですか？💦
今いる訪看が、基本的な事をしない、知らないスタッフが多くて…。なんじゃこことなって転職考えてます🫥",
279,yoshiemon1,いいえ,bat.91819919,3時間,0,0,"しんどいです。私も転職考えています。",
280,_______spica75,いいえ,yoshiemon1,1時間,0,0,"そ、そんな訪看が…？！
訪看全てがそんなじゃないです…！
うちの訪看は専門NS1人、認定3人いて皆で常にカンファして、質の向上を追い求める系訪看です🥹
大学病院の知識、他の訪看でぜひ活かしてください！🥹",
281,reisyon,いいえ,元投稿,1日,200,2,"個人の精神科です！
看護研究とかから逃げたい←
定時で上がれる確率高いので、とにかくプライベートも充実出来るし、休みも取りやすくて今の環境大好きです（笑）",
282,kanon3822,いいえ,reisyon,20時間,0,1,"精神科の単科病院ですか？",
283,moose.6927422,はい,reisyon,18時間,16,1,"総合病院じゃなくて個人病院の成り上がり版ですか？（アホ質問）羨ましい環境‼️",
284,reisyon,いいえ,moose.6927422,17時間,0,0,"総合病院ではないですね！
完全に精神科オンリーの病院です✨",
285,reisyon,いいえ,kanon3822,17時間,0,0,"そうです😊",
286,suppailemondore,いいえ,元投稿,1日,16,0,"三次救急の病院ですー
スタッフも多いから休みやすいし、有給も福利厚生もバンバン利用して細ーく働いてまーす🤟🏻",
287,toxicsumomo,いいえ,元投稿,1日,78,1,"意識低すぎて転職がだるいので大学病院〜‼️",
288,moose.6927422,はい,toxicsumomo,18時間,11,0,"斬新‼️看護研究とかラダーとか委員会とか大変そう😨",
289,nuuu_3292,いいえ,元投稿,1日,70,1,"訪問入浴✌🏻看護技術、知識ほぼ使わない✌🏻
体力さえあれば多分何年でもできる",
290,moose.6927422,はい,nuuu_3292,18時間,12,0,"たしかに！でも腰やばそう😭😭",
291,spoon.0507,いいえ,元投稿,1日,1005,1,"売り上げ、コスト意識低めのクリニック🥺

診療終わったら院長は速攻で帰るから他スタッフも帰りやすいし、待ってるから少し早めに診察スタートとかもしない。

「始まるの遅くない？」って患者さんから言われてたけど「9時からですからね。時間通りですよ。」とバッサリと院長自ら言ってくれて清々しい。",
292,moose.6927422,はい,spoon.0507,22時間,155,0,"院長🥺✨✨そんな院長のもとでゆるーく働きたいです😭😭！",
293,beeeekon.epi,いいえ,元投稿,1日,42,0,"とりあえず総合病院でーす
いつでも辞めてやるっていう覚悟だけはありまーす
のらりくらりと指導を避けて、ラダー獲得避け続けていまーす",
