採取日,出典URL,媒体,原文,痛みの分類,年次・属性(分かれば),使用済みアカウント,使用日,備考
2026-09-28,https://www.threads.com/@moose.6927422/post/Ddx3eDIFKFN,Threadsリプ,"特養です。
オムツ交換や入浴介助、食事介助などの介護業務は介護士さんがしてくれるので、看護師は看護業務のみなのでありがたいです。
手が空いたら介護士さんの業務に協力したり、医務室でみんなでお茶しながら利用者さんの状態について話し合いします(笑)",,,,,返信者@nil_arisa／返信先:元投稿／表示:1時間・♡0・返信0／Chrome全件収集2026-09-28 #1／元投稿=@moose.6927422「意識低い系看護師」／2026-09-28新規
2026-09-28,https://www.threads.com/@moose.6927422/post/Ddx3eDIFKFN,Threadsリプ,児童の検尿をひたすら機械にかけるとこで働いたことあります！和気藹々としてて、10時集合14時解散とかで最高でした🫶,,,,,返信者@will_soon／返信先:元投稿／表示:1時間・♡0・返信0／Chrome全件収集2026-09-28 #2／元投稿=@moose.6927422「意識低い系看護師」／2026-09-28新規
2026-09-28,https://www.threads.com/@moose.6927422/post/Ddx3eDIFKFN,Threadsリプ,"激ゆる訪問看護です🫶
急性期のやりがい？忘れちゃいました😜",,,,,返信者@raimu_1020／返信先:元投稿／表示:2時間・♡0・返信1／Chrome全件収集2026-09-28 #3／元投稿=@moose.6927422「意識低い系看護師」／2026-09-28新規
2026-09-28,https://www.threads.com/@moose.6927422/post/Ddx3eDIFKFN,Threadsリプ,激ゆる最高ですね🙂❤️‍🔥どうやって見つけましたか👀,,,,,返信者@moose.6927422（投稿者）／返信先:raimu_1020／表示:2時間・♡0・返信0／Chrome全件収集2026-09-28 #4／元投稿=@moose.6927422「意識低い系看護師」／2026-09-28新規
2026-09-28,https://www.threads.com/@moose.6927422/post/Ddx3eDIFKFN,Threadsリプ,"保育園看護師です🌟
みんな健康な子で、たまに怪我人の手当てしたり、病院に付き添っています🌟",,,,,返信者@mmmmmmmmm_mm.m／返信先:元投稿／表示:2時間・♡0・返信1／Chrome全件収集2026-09-28 #5／元投稿=@moose.6927422「意識低い系看護師」／2026-09-28新規
2026-09-28,https://www.threads.com/@moose.6927422/post/Ddx3eDIFKFN,Threadsリプ,興味あります👀！保護者との関わりはありますか？？,,,,,返信者@moose.6927422（投稿者）／返信先:mmmmmmmmm_mm.m／表示:2時間・♡1・返信1／Chrome全件収集2026-09-28 #6／元投稿=@moose.6927422「意識低い系看護師」／2026-09-28新規
2026-09-28,https://www.threads.com/@moose.6927422/post/Ddx3eDIFKFN,Threadsリプ,"一箇所目は担任も併用してたので、関わりありました。二箇所目は関わりなしの看護師パートで、５時間パートでしたが、一箇所目のフルタイムのときの給料と一緒です❗️
パートの保育園看護師おすすめです、、、
必然的に０歳児の保育補助になるので、
赤ちゃん可愛い🩷です",,,,,返信者@mmmmmmmmm_mm.m／返信先:moose.6927422／表示:36分・♡0・返信0／Chrome全件収集2026-09-28 #7／元投稿=@moose.6927422「意識低い系看護師」／2026-09-28新規
2026-09-28,https://www.threads.com/@moose.6927422/post/Ddx3eDIFKFN,Threadsリプ,"老健です！
日勤しかしてません。年度始まりに過ぎてからの育休明けなもんで委員会も入ってないし日勤業務に専念してもらったら大丈夫ということで書類上の担当もついてないので、バイタルチェックとか薬の管理的なものとかたまに入浴介助とかくらいしかしてません笑
ほとんど利用者さんとデイルームでお話をしてます。",,,,,返信者@chibi.4690／返信先:元投稿／表示:3時間・♡0・返信0／Chrome全件収集2026-09-28 #8／元投稿=@moose.6927422「意識低い系看護師」／2026-09-28新規
2026-09-28,https://www.threads.com/@moose.6927422/post/Ddx3eDIFKFN,Threadsリプ,働いてるだけで充分、意識高いよ☺️,,,,,返信者@hushitora／返信先:元投稿／表示:3時間・♡2・返信1／Chrome全件収集2026-09-28 #9／元投稿=@moose.6927422「意識低い系看護師」／2026-09-28新規
2026-09-28,https://www.threads.com/@moose.6927422/post/Ddx3eDIFKFN,Threadsリプ,天使👼🏻？こんな方が師長の病棟なら働きたいかも🤭,,,,,返信者@moose.6927422（投稿者）／返信先:hushitora／表示:2時間・♡1・返信0／Chrome全件収集2026-09-28 #10／元投稿=@moose.6927422「意識低い系看護師」／2026-09-28新規
2026-09-28,https://www.threads.com/@moose.6927422/post/Ddx3eDIFKFN,Threadsリプ,小多機です😊,,,,,返信者@poara.m／返信先:元投稿／表示:4時間・♡0・返信0／Chrome全件収集2026-09-28 #11／元投稿=@moose.6927422「意識低い系看護師」／2026-09-28新規
2026-09-28,https://www.threads.com/@moose.6927422/post/Ddx3eDIFKFN,Threadsリプ,回復期病棟〜！急性期と違って急変少ないから…まだ気持ちが楽…,,,,,返信者@pagu_minto_s／返信先:元投稿／表示:4時間・♡0・返信0／Chrome全件収集2026-09-28 #12／元投稿=@moose.6927422「意識低い系看護師」／2026-09-28新規
2026-09-28,https://www.threads.com/@moose.6927422/post/Ddx3eDIFKFN,Threadsリプ,本当日々思うけど、マンパワー不足で，崩壊😭,,,,,返信者@shiyanshiyan3／返信先:元投稿／表示:4時間・♡0・返信0／Chrome全件収集2026-09-28 #13／元投稿=@moose.6927422「意識低い系看護師」／2026-09-28新規
2026-09-28,https://www.threads.com/@moose.6927422/post/Ddx3eDIFKFN,Threadsリプ,回リハいたけどパートいらないって外来に異動になってヒィヒィ言ってる！はよ辞めたい！,,,,,返信者@a3yk.c53／返信先:元投稿／表示:5時間・♡1・返信0／Chrome全件収集2026-09-28 #14／元投稿=@moose.6927422「意識低い系看護師」／2026-09-28新規
2026-09-28,https://www.threads.com/@moose.6927422/post/Ddx3eDIFKFN,Threadsリプ,わん^_^,,,,,返信者@raitorara／返信先:元投稿／表示:5時間・♡0・返信0／Chrome全件収集2026-09-28 #15／元投稿=@moose.6927422「意識低い系看護師」／2026-09-28新規
2026-09-28,https://www.threads.com/@moose.6927422/post/Ddx3eDIFKFN,Threadsリプ,"地域包括支援センターです〜
センター長が定時ピッタリ退社なのでめちゃくちゃ帰りやすいです!
急な休みも取りやすい!",,,,,返信者@na0_taaama／返信先:元投稿／表示:5時間・♡0・返信0／Chrome全件収集2026-09-28 #16／元投稿=@moose.6927422「意識低い系看護師」／2026-09-28新規
2026-09-28,https://www.threads.com/@moose.6927422/post/Ddx3eDIFKFN,Threadsリプ,フリーランスの業務委託でイベントとかの救護でーす☺️,,,,,返信者@venus6028／返信先:元投稿／表示:5時間・♡0・返信0／Chrome全件収集2026-09-28 #17／元投稿=@moose.6927422「意識低い系看護師」／2026-09-28新規
2026-09-28,https://www.threads.com/@moose.6927422/post/Ddx3eDIFKFN,Threadsリプ,"中規模の病院の療養病棟
注入食・持続点滴・褥瘡・発熱のルーティン
積極的治療は急性期病棟のため転棟
急変時フルコースが少ない😌",,,,,返信者@yukirin_2525／返信先:元投稿／表示:5時間・♡0・返信0／Chrome全件収集2026-09-28 #18／元投稿=@moose.6927422「意識低い系看護師」／2026-09-28新規
2026-09-28,https://www.threads.com/@moose.6927422/post/Ddx3eDIFKFN,Threadsリプ,"救急外来です

資格？とりません
認定？とりません
講師？致しません
主任師長？目指しません
ラダー？最低限しかやりません(年1)
院外研修？いきません(当初は行った)
看護研究？やりません(計画まではやったけど)

3分前出勤ビタ上がりは当たり前(繁忙してたら残業します)

忙しい時はトイレも行けないし水分も取れないし、夜勤は仮眠もできない時だってあるのにそんなのまでやれない
日々の業務だけやりたいんだよ

まぁ看護部はジェネラリスト推しだからいつかはどっかに飛ばされるんだろうけど、救急外来以外の業務に興味ないからその時は辞める

あと病棟勤務で、情報収集のために1時間以上前出勤なのにサビ残とかマッッッジで信じられない
必要な業務の一つなのにそんな悪習慣が罷り通ってるのが本っっっっっっ当に信じられない
病棟行くくらいなら辞めるつもり(病棟経験一切なし)",,,,,返信者@5160chro／返信先:元投稿／表示:6時間・♡5・返信0／Chrome全件収集2026-09-28 #19／元投稿=@moose.6927422「意識低い系看護師」／2026-09-28新規
2026-09-28,https://www.threads.com/@moose.6927422/post/Ddx3eDIFKFN,Threadsリプ,派遣でデイサービス行ってます！時給1800円、交通費800円付き、車通勤可👍️楽しいし3時間で疲れないし、お小遣い稼ぎにもってこい✨祝日子供の預け先ない日は子連れ出勤させてもらってます✨ストレスない職場が1番！,,,,,返信者@aaaaa.aaaaa.san／返信先:元投稿／表示:6時間・♡0・返信1／Chrome全件収集2026-09-28 #20／元投稿=@moose.6927422「意識低い系看護師」／2026-09-28新規
2026-09-28,https://www.threads.com/@moose.6927422/post/Ddx3eDIFKFN,Threadsリプ,"子連れ出勤できるのすごいです🥺✨✨
派遣もいいですよね〜🤍",,,,,返信者@moose.6927422（投稿者）／返信先:aaaaa.aaaaa.san／表示:5時間・♡0・返信0／Chrome全件収集2026-09-28 #21／元投稿=@moose.6927422「意識低い系看護師」／2026-09-28新規
2026-09-28,https://www.threads.com/@moose.6927422/post/Ddx3eDIFKFN,Threadsリプ,"施設ー
ギリに出勤して、ピタッで帰る！
これ鉄則！😤",,,,,返信者@tumutumu0416／返信先:元投稿／表示:6時間・♡0・返信0／Chrome全件収集2026-09-28 #22／元投稿=@moose.6927422「意識低い系看護師」／2026-09-28新規
2026-09-28,https://www.threads.com/@moose.6927422/post/Ddx3eDIFKFN,Threadsリプ,基本無職。たまに単発バイト。,,,,,返信者@maiamaimai／返信先:元投稿／表示:6時間・♡0・返信1／Chrome全件収集2026-09-28 #23／元投稿=@moose.6927422「意識低い系看護師」／2026-09-28新規
2026-09-28,https://www.threads.com/@moose.6927422/post/Ddx3eDIFKFN,Threadsリプ,お金に余裕があればそうしたい（ ｉ _ ｉ ）単発バイトの方がラクですよね！,,,,,返信者@moose.6927422（投稿者）／返信先:maiamaimai／表示:5時間・♡0・返信0／Chrome全件収集2026-09-28 #24／元投稿=@moose.6927422「意識低い系看護師」／2026-09-28新規
2026-09-28,https://www.threads.com/@moose.6927422/post/Ddx3eDIFKFN,Threadsリプ,"役所で、のんびり事務やってるよー☺
ヒマでやることない日ばかりだよー🥱
でも、パートなのにボーナスもらえるよー
早くこっちおいでー
怒鳴られることも、殴られることもないよー",,,,,返信者@12taro_taro12／返信先:元投稿／表示:7時間・♡11・返信1／Chrome全件収集2026-09-28 #25／元投稿=@moose.6927422「意識低い系看護師」／2026-09-28新規
2026-09-28,https://www.threads.com/@moose.6927422/post/Ddx3eDIFKFN,Threadsリプ,わあ…素敵…🥺🥺役所の事務さんは公務員になるのですか？？,,,,,返信者@moose.6927422（投稿者）／返信先:12taro_taro12／表示:5時間・♡3・返信1／Chrome全件収集2026-09-28 #26／元投稿=@moose.6927422「意識低い系看護師」／2026-09-28新規
2026-09-28,https://www.threads.com/@moose.6927422/post/Ddx3eDIFKFN,Threadsリプ,"会計年度任用職員っていう、臨時の公務員になるんです。
公立病院のパートさんもソレなんです。
でも、意識低すぎて、公立病院でもヤダーなので逃げました😅",,,,,返信者@12taro_taro12／返信先:moose.6927422／表示:3分・♡0・返信0／Chrome全件収集2026-09-28 #27／元投稿=@moose.6927422「意識低い系看護師」／2026-09-28新規
2026-09-28,https://www.threads.com/@moose.6927422/post/Ddx3eDIFKFN,Threadsリプ,救急外来🥵,,,,,返信者@65_3215／返信先:元投稿／表示:8時間・♡0・返信0／Chrome全件収集2026-09-28 #28／元投稿=@moose.6927422「意識低い系看護師」／2026-09-28新規
2026-09-28,https://www.threads.com/@moose.6927422/post/Ddx3eDIFKFN,Threadsリプ,"デイケアです
自分のデスクでゆっくりしてます",,,,,返信者@shizuka_0621／返信先:元投稿／表示:8時間・♡0・返信0／Chrome全件収集2026-09-28 #29／元投稿=@moose.6927422「意識低い系看護師」／2026-09-28新規
2026-09-28,https://www.threads.com/@moose.6927422/post/Ddx3eDIFKFN,Threadsリプ,意識めっちゃ低いのに総合病院（急性期）2年目です。辞めたいと思いつつ求人を見て、給料とにらめっこしてます。今年中にはいいところ見つけたいです、笑笑,,,,,返信者@otoai0428／返信先:元投稿／表示:9時間・♡0・返信0／Chrome全件収集2026-09-28 #30／元投稿=@moose.6927422「意識低い系看護師」／2026-09-28新規
2026-09-28,https://www.threads.com/@moose.6927422/post/Ddx3eDIFKFN,Threadsリプ,療養病棟。楽かと思いきや寝たきりの中にも中途半端なのもいるし、人員不足で大変！,,,,,返信者@eatrip1128／返信先:元投稿／表示:10時間・♡2・返信0／Chrome全件収集2026-09-28 #31／元投稿=@moose.6927422「意識低い系看護師」／2026-09-28新規
2026-09-28,https://www.threads.com/@moose.6927422/post/Ddx3eDIFKFN,Threadsリプ,"クリニックで内視鏡だよー。　
夜勤も寄り添う看護も患者の家族対応もしたくないし。患者さんとも一期一会て感じで私にはあってるよ。",,,,,返信者@tinajapinha_／返信先:元投稿／表示:12時間・♡1・返信1／Chrome全件収集2026-09-28 #32／元投稿=@moose.6927422「意識低い系看護師」／2026-09-28新規
2026-09-28,https://www.threads.com/@moose.6927422/post/Ddx3eDIFKFN,Threadsリプ,一期一会‼️まさに‼️理想です🥺🥺,,,,,返信者@moose.6927422（投稿者）／返信先:tinajapinha_／表示:5時間・♡1・返信0／Chrome全件収集2026-09-28 #33／元投稿=@moose.6927422「意識低い系看護師」／2026-09-28新規
2026-09-28,https://www.threads.com/@moose.6927422/post/Ddx3eDIFKFN,Threadsリプ,"個人宅で訪問看護してました🥹
0歳の娘も一緒でいいよ〜と言っていただいて、我々のお部屋を用意してもらって育児しながらゆったりお仕事させていただきました🥲(夜勤なしでお給料も応援ナースくらいいただけました🥹)",,,,,返信者@s_grogu3434_s／返信先:元投稿／表示:12時間・♡0・返信1／Chrome全件収集2026-09-28 #34／元投稿=@moose.6927422「意識低い系看護師」／2026-09-28新規
2026-09-28,https://www.threads.com/@moose.6927422/post/Ddx3eDIFKFN,Threadsリプ,初めて聞きましたなにそれ⁉️最高すぎません⁉️1件だけってことですか？？,,,,,返信者@moose.6927422（投稿者）／返信先:s_grogu3434_s／表示:5時間・♡1・返信1／Chrome全件収集2026-09-28 #35／元投稿=@moose.6927422「意識低い系看護師」／2026-09-28新規
2026-09-28,https://www.threads.com/@moose.6927422/post/Ddx3eDIFKFN,Threadsリプ,一件だけです🥹🫣正確には訪看のくくりではないんですが、、💦利用者さん宅に母娘で居座ってました🫣🙇‍♀️,,,,,返信者@s_grogu3434_s／返信先:moose.6927422／表示:4時間・♡0・返信1／Chrome全件収集2026-09-28 #36／元投稿=@moose.6927422「意識低い系看護師」／2026-09-28新規
2026-09-28,https://www.threads.com/@moose.6927422/post/Ddx3eDIFKFN,Threadsリプ,すごい！まだまだ知らない世界がありますね😳,,,,,返信者@moose.6927422（投稿者）／返信先:s_grogu3434_s／表示:2時間・♡0・返信0／Chrome全件収集2026-09-28 #37／元投稿=@moose.6927422「意識低い系看護師」／2026-09-28新規
2026-09-28,https://www.threads.com/@moose.6927422/post/Ddx3eDIFKFN,Threadsリプ,訪問看護だよー。なぜかクリニックから訪看立ち上げることになり、なんちゃって管理者だよー。でも直行直帰で楽ちんだよー。,,,,,返信者@szhnh17／返信先:元投稿／表示:12時間・♡0・返信0／Chrome全件収集2026-09-28 #38／元投稿=@moose.6927422「意識低い系看護師」／2026-09-28新規
2026-09-28,https://www.threads.com/@moose.6927422/post/Ddx3eDIFKFN,Threadsリプ,ここのコメ欄の人たち羨ましいすぎる😂みんな何歳/何年目で今の状態なんかも知りたい、、🥲,,,,,返信者@pimo_p1／返信先:元投稿／表示:14時間・♡0・返信0／Chrome全件収集2026-09-28 #39／元投稿=@moose.6927422「意識低い系看護師」／2026-09-28新規
2026-09-28,https://www.threads.com/@moose.6927422/post/Ddx3eDIFKFN,Threadsリプ,美容〜！！暇な時はネトフリ観てます〜！点滴と採血機械出しくらいしかしません,,,,,返信者@m_k_f.3／返信先:元投稿／表示:14時間・♡0・返信0／Chrome全件収集2026-09-28 #40／元投稿=@moose.6927422「意識低い系看護師」／2026-09-28新規
2026-09-28,https://www.threads.com/@moose.6927422/post/Ddx3eDIFKFN,Threadsリプ,回リハ！,,,,,返信者@bliliant_yui／返信先:元投稿／表示:14時間・♡0・返信0／Chrome全件収集2026-09-28 #41／元投稿=@moose.6927422「意識低い系看護師」／2026-09-28新規
2026-09-28,https://www.threads.com/@moose.6927422/post/Ddx3eDIFKFN,Threadsリプ,"保育園6年目
子ども好きだから毎日癒しと笑いがあって天国です
仕事内容はほぼ保育士だけど意識低い系なんで全く気になりません
公立なので給与もそこそこ出てます",,,,,返信者@asa_dm／返信先:元投稿／表示:15時間・♡1・返信0／Chrome全件収集2026-09-28 #42／元投稿=@moose.6927422「意識低い系看護師」／2026-09-28新規
2026-09-28,https://www.threads.com/@moose.6927422/post/Ddx3eDIFKFN,Threadsリプ,オンライン診療🥰在宅ワークです,,,,,返信者@sami123444445／返信先:元投稿／表示:16時間・♡0・返信0／Chrome全件収集2026-09-28 #43／元投稿=@moose.6927422「意識低い系看護師」／2026-09-28新規
2026-09-28,https://www.threads.com/@moose.6927422/post/Ddx3eDIFKFN,Threadsリプ,"デイサービスです！
同じ会社の訪看が閉鎖したため部署異動しました🫡
デイにいたらゆっくりできて他に行けないかも……",,,,,返信者@kayo1002m.k／返信先:元投稿／表示:16時間・♡3・返信0／Chrome全件収集2026-09-28 #44／元投稿=@moose.6927422「意識低い系看護師」／2026-09-28新規
2026-09-28,https://www.threads.com/@moose.6927422/post/Ddx3eDIFKFN,Threadsリプ,精神科。残念ながら旧世紀の急性期,,,,,返信者@nakamurar1993／返信先:元投稿／表示:16時間・♡0・返信0／Chrome全件収集2026-09-28 #45／元投稿=@moose.6927422「意識低い系看護師」／2026-09-28新規
2026-09-28,https://www.threads.com/@moose.6927422/post/Ddx3eDIFKFN,Threadsリプ,"急性期にはいますがラダー上げもせずプリも研究もやらずに、妊娠出産して、今は時短で働いてます。
時短使えない年になったらデイサービスか保育園看護師したい、、",,,,,返信者@choco.choco023／返信先:元投稿／表示:16時間・♡0・返信0／Chrome全件収集2026-09-28 #46／元投稿=@moose.6927422「意識低い系看護師」／2026-09-28新規
2026-09-28,https://www.threads.com/@moose.6927422/post/Ddx3eDIFKFN,Threadsリプ,小さい美容クリニック🏥,,,,,返信者@liveintokyo88／返信先:元投稿／表示:16時間・♡0・返信0／Chrome全件収集2026-09-28 #47／元投稿=@moose.6927422「意識低い系看護師」／2026-09-28新規
2026-09-28,https://www.threads.com/@moose.6927422/post/Ddx3eDIFKFN,Threadsリプ,意識低い系看護師9年目🫩育休中🫠めっちゃ参考になるコメ欄すぎて🙇🏼‍♀️💗いいなぁと思うところで働いている人が多くてびっくり🫢みんな何で夢見たいな職場探したんですかね💭🥺,,,,,返信者@_2026.4.26／返信先:元投稿／表示:16時間・♡0・返信0／Chrome全件収集2026-09-28 #48／元投稿=@moose.6927422「意識低い系看護師」／2026-09-28新規
2026-09-28,https://www.threads.com/@moose.6927422/post/Ddx3eDIFKFN,Threadsリプ,めちゃゆるクリニック！何科かは伏せますが、ほぼ座ってて採血件数も多くて10件、ない日もあります！あと居酒屋です😄,,,,,返信者@arupakayagihitsuji／返信先:元投稿／表示:16時間・♡0・返信0／Chrome全件収集2026-09-28 #49／元投稿=@moose.6927422「意識低い系看護師」／2026-09-28新規
2026-09-28,https://www.threads.com/@moose.6927422/post/Ddx3eDIFKFN,Threadsリプ,仕事は10分前に病棟へ行き、定時に帰ります！そしてプライベートは次の職場へ行く時のための自己スキル向上のため特定行為を修了しました！ね、仕事に対しては意識低いですよね？(笑),,,,,返信者@non_mga625／返信先:元投稿／表示:16時間・♡0・返信0／Chrome全件収集2026-09-28 #50／元投稿=@moose.6927422「意識低い系看護師」／2026-09-28新規
2026-09-28,https://www.threads.com/@moose.6927422/post/Ddx3eDIFKFN,Threadsリプ,半日の機能訓練型デイサービス🏋️利用者さんとウォーキングマシンしたりwwww職場自体がネイルもピアスもokでまじ意識低過ぎ系ですけど、突然急変起これば無駄に意識高い系の看護師もできます。急変起こらないのが1番です🙂‍↕️もう他に働ける所がありません👉🏼👈🏼,,,,,返信者@by___3110___／返信先:元投稿／表示:16時間・♡0・返信0／Chrome全件収集2026-09-28 #51／元投稿=@moose.6927422「意識低い系看護師」／2026-09-28新規
2026-09-28,https://www.threads.com/@moose.6927422/post/Ddx3eDIFKFN,Threadsリプ,ローソンです😊,,,,,返信者@happy_and_smile_510／返信先:元投稿／表示:16時間・♡1・返信0／Chrome全件収集2026-09-28 #52／元投稿=@moose.6927422「意識低い系看護師」／2026-09-28新規
2026-09-28,https://www.threads.com/@moose.6927422/post/Ddx3eDIFKFN,Threadsリプ,"おいらみたいな意識の低さでも、いるだけで助かる施設もあるんやろな〜。

夫の蕎麦屋です。
みんな食べに来てね。",,,,,返信者@sssumika／返信先:元投稿／表示:17時間・♡21・返信0／Chrome全件収集2026-09-28 #53／元投稿=@moose.6927422「意識低い系看護師」／2026-09-28新規
2026-09-28,https://www.threads.com/@moose.6927422/post/Ddx3eDIFKFN,Threadsリプ,"国立を辞め
高時給の児発でまったり…",,,,,返信者@0202toshigonomama／返信先:元投稿／表示:17時間・♡0・返信0／Chrome全件収集2026-09-28 #54／元投稿=@moose.6927422「意識低い系看護師」／2026-09-28新規
2026-09-28,https://www.threads.com/@moose.6927422/post/Ddx3eDIFKFN,Threadsリプ,"エージェント側から見ていて、この質問の答えがいちばん本音が出ます。

人気なのは健診センター、企業の保健室、個人クリニック、デイ、訪問入浴あたり。共通してるのは、急変対応の頻度が低くて、業務の終わりが時間で切れることです。

ただ求人票では見分けがつかないので、面接で1つだけ聞くと早いです。
「前の方は、何時ごろ退勤されていましたか？」

定時で帰れる職場の人はスッと答えます。答えが濁るところは、だいたい濁ってます。",,,,,返信者@nagi_medcare／返信先:元投稿／表示:17時間・♡93・返信0／Chrome全件収集2026-09-28 #55／元投稿=@moose.6927422「意識低い系看護師」／2026-09-28新規
2026-09-28,https://www.threads.com/@moose.6927422/post/Ddx3eDIFKFN,Threadsリプ,"はーい🙋‍♀️
夜勤したくない、本当は土日祝休みがいい。でも給料は下げたくない。で、透析室です。病棟よりは楽です。
本当は看護師辞めたいです。病院以外の求人を皆さんはどこで探してますか〜？",,,,,返信者@kynntm／返信先:元投稿／表示:17時間・♡1・返信0／Chrome全件収集2026-09-28 #56／元投稿=@moose.6927422「意識低い系看護師」／2026-09-28新規
2026-09-28,https://www.threads.com/@moose.6927422/post/Ddx3eDIFKFN,Threadsリプ,"保育園ナースです！
子どもと戯れてます。
採血もできません☺️
1分前出勤もよくあり、ほぼ毎日退勤時間ぴったりにさようならです👋🏻😌",,,,,返信者@oyuu_zr／返信先:元投稿／表示:17時間・♡8・返信0／Chrome全件収集2026-09-28 #57／元投稿=@moose.6927422「意識低い系看護師」／2026-09-28新規
2026-09-28,https://www.threads.com/@moose.6927422/post/Ddx3eDIFKFN,Threadsリプ,"病棟です
係、委員会、研究、カンファレンス、リーダー業務一切なし
定時退勤です",,,,,返信者@tutut_u17／返信先:元投稿／表示:17時間・♡0・返信0／Chrome全件収集2026-09-28 #58／元投稿=@moose.6927422「意識低い系看護師」／2026-09-28新規
2026-09-28,https://www.threads.com/@moose.6927422/post/Ddx3eDIFKFN,Threadsリプ,"はーい🙋‍♀️慢性期病院2年（奨学金借りてた年数ぴったり）→上京し更に慢性期の病院1年→内科クリニックでパートしながらフリーター1年→給料高めの精神科単価の病院を見つけそちらに落ち着きました😅丁度今7年目です。
学生時代から勉強が嫌すぎたのでこれ以上勉強してたまるものかと急性期は避け続け将来への不安は若干ありますが食いっぱぐれない資格持ってて良かったなって思います、向上心とかやりたい事がないことはないけど（助産師さんに憧れあります）現実問題子供2人抱えながら新しい事に挑戦するのは厳しそうなので、このまま精神科やクリニックや老人ホームみたいなところを転々とするのかなと思います。
因みに慢性期病院は覚えることは少ないですが労力に対する給料が割に合わないと思いました。",,,,,返信者@mm_20210519／返信先:元投稿／表示:17時間・♡1・返信0／Chrome全件収集2026-09-28 #59／元投稿=@moose.6927422「意識低い系看護師」／2026-09-28新規
2026-09-28,https://www.threads.com/@moose.6927422/post/Ddx3eDIFKFN,Threadsリプ,ほんっっっとに、のんびり働きたくて、日曜固定休、夜勤なし、オンコールなしの訪看に入ったはずが、何故か、ステーション管理者、運営責任者してる…🤪,,,,,返信者@azurin2424／返信先:元投稿／表示:17時間・♡1・返信0／Chrome全件収集2026-09-28 #60／元投稿=@moose.6927422「意識低い系看護師」／2026-09-28新規
2026-09-28,https://www.threads.com/@moose.6927422/post/Ddx3eDIFKFN,Threadsリプ,療養病棟で週4午前パート～🫶,,,,,返信者@sakura.10135.n／返信先:元投稿／表示:17時間・♡1・返信0／Chrome全件収集2026-09-28 #61／元投稿=@moose.6927422「意識低い系看護師」／2026-09-28新規
2026-09-28,https://www.threads.com/@moose.6927422/post/Ddx3eDIFKFN,Threadsリプ,回復期です。療養病棟より全然楽ー。みんな勝手にトイレに行くだけで感動する。,,,,,返信者@himawari07131976／返信先:元投稿／表示:17時間・♡1・返信0／Chrome全件収集2026-09-28 #62／元投稿=@moose.6927422「意識低い系看護師」／2026-09-28新規
2026-09-28,https://www.threads.com/@moose.6927422/post/Ddx3eDIFKFN,Threadsリプ,コメント欄が有益すぎる。保存してゆっくりみさせてもらいます🙏,,,,,返信者@nekoko_nurse／返信先:元投稿／表示:18時間・♡0・返信0／Chrome全件収集2026-09-28 #63／元投稿=@moose.6927422「意識低い系看護師」／2026-09-28新規
2026-09-28,https://www.threads.com/@moose.6927422/post/Ddx3eDIFKFN,Threadsリプ,検診行ったけど会社に朝5時台に着いて終わりが7時とかになるから辞めましたー！内容しょぼいけど人手不足は同じでブラックでした🤣今はネイルの学校行ってます🥰笑,,,,,返信者@ka.so.mi83／返信先:元投稿／表示:18時間・♡0・返信0／Chrome全件収集2026-09-28 #64／元投稿=@moose.6927422「意識低い系看護師」／2026-09-28新規
2026-09-28,https://www.threads.com/@moose.6927422/post/Ddx3eDIFKFN,Threadsリプ,"ここ参考になります🤣
看護師辞めたい〜🤣🤣",,,,,返信者@shimaimama7／返信先:元投稿／表示:18時間・♡3・返信0／Chrome全件収集2026-09-28 #65／元投稿=@moose.6927422「意識低い系看護師」／2026-09-28新規
2026-09-28,https://www.threads.com/@moose.6927422/post/Ddx3eDIFKFN,Threadsリプ,"精神科のデイケア

医療行為ほぼゼロ
今更病棟に行く気はない",,,,,返信者@nomonomo_yui／返信先:元投稿／表示:18時間・♡4・返信1／Chrome全件収集2026-09-28 #66／元投稿=@moose.6927422「意識低い系看護師」／2026-09-28新規
2026-09-28,https://www.threads.com/@moose.6927422/post/Ddx3eDIFKFN,Threadsリプ,精神科のデイケアは盲点でした！求人見たことないから人気で退職しないのかも…☺️,,,,,返信者@moose.6927422（投稿者）／返信先:nomonomo_yui／表示:18時間・♡0・返信0／Chrome全件収集2026-09-28 #67／元投稿=@moose.6927422「意識低い系看護師」／2026-09-28新規
2026-09-28,https://www.threads.com/@moose.6927422/post/Ddx3eDIFKFN,Threadsリプ,"キャバ嬢に逃げて3年目です👗
看護師です〜って言うとかなり好印象で役立たせてもらってます笑
あと人間関係も今までで一番平和で良好で、同じ女社会でもこんなに違うのかとびっくりでした
そんな若くないので来年にはぬるま湯生活卒業して看護師に戻ろうかと思ってます😩😩(戻りたくない、、、)",,,,,返信者@cheetah.96838／返信先:元投稿／表示:18時間・♡17・返信1／Chrome全件収集2026-09-28 #68／元投稿=@moose.6927422「意識低い系看護師」
2026-09-28,https://www.threads.com/@moose.6927422/post/Ddx3eDIFKFN,Threadsリプ,私の友達もキャバ嬢に転職してました！いくつになってもやっていけるわけじゃないですもんね…たくさん稼いで投資とかで生きていけたらいいですよね〜（ ｉ _ ｉ ）,,,,,返信者@moose.6927422（投稿者）／返信先:cheetah.96838／表示:18時間・♡5・返信0／Chrome全件収集2026-09-28 #69／元投稿=@moose.6927422「意識低い系看護師」／2026-09-28新規
2026-09-28,https://www.threads.com/@moose.6927422/post/Ddx3eDIFKFN,Threadsリプ,総合病院……休みやすい。,,,,,返信者@bisukonurse／返信先:元投稿／表示:18時間・♡0・返信0／Chrome全件収集2026-09-28 #70／元投稿=@moose.6927422「意識低い系看護師」
2026-09-28,https://www.threads.com/@moose.6927422/post/Ddx3eDIFKFN,Threadsリプ,"治験コーディネーターです！
コアタイムなしのフレックスで働きやすいです",,,,,返信者@otter.9726371／返信先:元投稿／表示:18時間・♡1・返信1／Chrome全件収集2026-09-28 #71／元投稿=@moose.6927422「意識低い系看護師」
2026-09-28,https://www.threads.com/@moose.6927422/post/Ddx3eDIFKFN,Threadsリプ,"めっちゃインスタの広告にでてきますwwww
でもうちの近くでは求人ないんですよね〜気になります👀",,,,,返信者@moose.6927422（投稿者）／返信先:otter.9726371／表示:18時間・♡1・返信0／Chrome全件収集2026-09-28 #72／元投稿=@moose.6927422「意識低い系看護師」／2026-09-28新規
2026-09-28,https://www.threads.com/@moose.6927422/post/Ddx3eDIFKFN,Threadsリプ,デイケアです！仕事の半分は高齢者とお話すること！認知症の方も多いけど普通に語り合える方もいるので人生の糧みたいな事も教えてくれてサイコーです！,,,,,返信者@2023mmmi／返信先:元投稿／表示:18時間・♡2・返信1／Chrome全件収集2026-09-28 #73／元投稿=@moose.6927422「意識低い系看護師」
2026-09-28,https://www.threads.com/@moose.6927422/post/Ddx3eDIFKFN,Threadsリプ,デイケアいいですよね〜！ただ給与面が気になってなかなか😭😭,,,,,返信者@moose.6927422（投稿者）／返信先:2023mmmi／表示:18時間・♡0・返信0／Chrome全件収集2026-09-28 #74／元投稿=@moose.6927422「意識低い系看護師」／2026-09-28新規
2026-09-28,https://www.threads.com/@moose.6927422/post/Ddx3eDIFKFN,Threadsリプ,"新卒で受かった病院は
国試落ちて内定取り消しかと思えば
配属希望だった病棟です看護助手として勤務になり、
けど、国試に打ち込むために完全退職という名の
看護の現実見て、やめたくなったのが本音。

国試は無事受かって、資格とは関係なくサービス業の傍ら保健師の面接受けまくるも落ちて、それがしんどくて、年１海外に逃亡。そして今は専業主婦で母。

かれこれ国試合格から11年経とうとするけど
雇ってもらえるのかしら😇….",,,,,返信者@ohayo_pan／返信先:元投稿／表示:18時間・♡0・返信0／Chrome全件収集2026-09-28 #75／元投稿=@moose.6927422「意識低い系看護師」
2026-09-28,https://www.threads.com/@moose.6927422/post/Ddx3eDIFKFN,Threadsリプ,"保育園です。
昼からは花紙開いたり、画用紙切って時給もらえるんで、他の仕事できませーん。",,,,,返信者@han.shu.sou／返信先:元投稿／表示:18時間・♡9・返信1／Chrome全件収集2026-09-28 #76／元投稿=@moose.6927422「意識低い系看護師」
2026-09-28,https://www.threads.com/@moose.6927422/post/Ddx3eDIFKFN,Threadsリプ,"ほぼ保育士業務って聞きました🗣️
給与面どうですか？？",,,,,返信者@moose.6927422（投稿者）／返信先:han.shu.sou／表示:17時間・♡1・返信0／Chrome全件収集2026-09-28 #77／元投稿=@moose.6927422「意識低い系看護師」／2026-09-28新規
2026-09-28,https://www.threads.com/@moose.6927422/post/Ddx3eDIFKFN,Threadsリプ,家の近所🏠,,,,,返信者@anegonekosuki／返信先:元投稿／表示:18時間・♡1・返信0／Chrome全件収集2026-09-28 #78／元投稿=@moose.6927422「意識低い系看護師」
2026-09-28,https://www.threads.com/@moose.6927422/post/Ddx3eDIFKFN,Threadsリプ,"ほぼ趣味と直結したサービス業！資格ぜーんぜん活かしてない(笑)
そのかわり、休みの日に施設ナースしてます！私にとって看護師はバイトです。",,,,,返信者@_____d.d_120526／返信先:元投稿／表示:18時間・♡7・返信1／Chrome全件収集2026-09-28 #79／元投稿=@moose.6927422「意識低い系看護師」
2026-09-28,https://www.threads.com/@moose.6927422/post/Ddx3eDIFKFN,Threadsリプ,それが一番いいかも‼️夜勤バイトとかコスパいいし〜🤔,,,,,返信者@moose.6927422（投稿者）／返信先:_____d.d_120526／表示:18時間・♡0・返信0／Chrome全件収集2026-09-28 #80／元投稿=@moose.6927422「意識低い系看護師」／2026-09-28新規
2026-09-28,https://www.threads.com/@moose.6927422/post/Ddx3eDIFKFN,Threadsリプ,"今は、地ケアで働いてます🙄

めっちゃ転職の参考にしてます(笑)
子供育てるためにも生活しないといけないけど、なんでこの仕事選んだんだろうって思いますよね…
誰かの命とか怪我とか心配せずに、理不尽に怒られたり、暴力振るわれる事もない、在宅でもできる仕事とかだったら良かったのに…と思ってます。",,,,,返信者@myy09021016／返信先:元投稿／表示:18時間・♡1・返信1／Chrome全件収集2026-09-28 #81／元投稿=@moose.6927422「意識低い系看護師」
2026-09-28,https://www.threads.com/@moose.6927422/post/Ddx3eDIFKFN,Threadsリプ,一語一句同意。ほんと責任重すぎて嫌になります〜😩,,,,,返信者@moose.6927422（投稿者）／返信先:myy09021016／表示:18時間・♡0・返信0／Chrome全件収集2026-09-28 #82／元投稿=@moose.6927422「意識低い系看護師」
2026-09-28,https://www.threads.com/@moose.6927422/post/Ddx3eDIFKFN,Threadsリプ,"ものすごい意識低い系ですけど、ICUにいます。異動希望出してますけど、異動できてないです。まぁ、わたしみたいなのを異動させない方がわるーい🤣
意識低すぎて転職する行動すら起こすのめんどいです。The惰性です。",,,,,返信者@mkt0505mkt／返信先:元投稿／表示:18時間・♡1・返信0／Chrome全件収集2026-09-28 #83／元投稿=@moose.6927422「意識低い系看護師」
2026-09-28,https://www.threads.com/@moose.6927422/post/Ddx3eDIFKFN,Threadsリプ,"精神科訪看です🙋‍♀️
社用車支給、直行直帰なので定時より早く帰られるし、援助もほとんどなく、赤べこのように首を縦に振って話を聞くだけです😂
給与は夜勤7回しているくらいですね💰
運転が仕事だと思ってます🚗💨",,,,,返信者@nurse.mama_life／返信先:元投稿／表示:19時間・♡4・返信0／Chrome全件収集2026-09-28 #84／元投稿=@moose.6927422「意識低い系看護師」
2026-09-28,https://www.threads.com/@moose.6927422/post/Ddx3eDIFKFN,Threadsリプ,小児科クリニックとスーパーの精肉掛け持ちよ😀,,,,,返信者@mt_gonchan73／返信先:元投稿／表示:19時間・♡0・返信0／Chrome全件収集2026-09-28 #85／元投稿=@moose.6927422「意識低い系看護師」
2026-09-28,https://www.threads.com/@moose.6927422/post/Ddx3eDIFKFN,Threadsリプ,とりあえず、保存保存〜参考にさせていただきます！,,,,,返信者@uta_co_／返信先:元投稿／表示:19時間・♡0・返信0／Chrome全件収集2026-09-28 #86／元投稿=@moose.6927422「意識低い系看護師」
2026-09-28,https://www.threads.com/@moose.6927422/post/Ddx3eDIFKFN,Threadsリプ,"施設内訪問看護です!
病棟に比べたらかなり緩く仕事できてるけれども、もう看護師したくないなぁと思いながら…お金の為に働いてます😭‎",,,,,返信者@81h_a39／返信先:元投稿／表示:19時間・♡0・返信0／Chrome全件収集2026-09-28 #87／元投稿=@moose.6927422「意識低い系看護師」
2026-09-28,https://www.threads.com/@moose.6927422/post/Ddx3eDIFKFN,Threadsリプ,ナーシングホームで昼休み１時間終わってからも詰所でみんなでコーヒー飲みながら2時間くらい推しの話してまーす🙋‍♀️で、また1時間ほど働いたら座って帰る時間待ってまーすwwほんと最高。何で今まで病院なんかで働いてたんだろって思ってます。,,,,,返信者@nana.y.77／返信先:元投稿／表示:19時間・♡17・返信1／Chrome全件収集2026-09-28 #88／元投稿=@moose.6927422「意識低い系看護師」
2026-09-28,https://www.threads.com/@moose.6927422/post/Ddx3eDIFKFN,Threadsリプ,"私も仲間に入れて欲しい、、、笑
最高すぎません？絶対辞める人いないwwww",,,,,返信者@moose.6927422（投稿者）／返信先:nana.y.77／表示:18時間・♡8・返信1／Chrome全件収集2026-09-28 #89／元投稿=@moose.6927422「意識低い系看護師」
2026-09-28,https://www.threads.com/@moose.6927422/post/Ddx3eDIFKFN,Threadsリプ,"ぜひぜひお仲間になりませんか？笑
ほんと、辞める人いないです。みんな、会社に文句はあってもこんな楽な仕事ないから辞められないって感じです🫶そして、これだけ余裕があれば人間関係もギスギスしません！みぃーんな穏やかで優しいです🤭💓",,,,,返信者@nana.y.77／返信先:moose.6927422／表示:18時間・♡6・返信1／Chrome全件収集2026-09-28 #90／元投稿=@moose.6927422「意識低い系看護師」
2026-09-28,https://www.threads.com/@moose.6927422/post/Ddx3eDIFKFN,Threadsリプ,なんで最高な職場…そういうところに当たるまで転職繰り返すしかないかあ💪wwww,,,,,返信者@moose.6927422（投稿者）／返信先:nana.y.77／表示:17時間・♡3・返信1／Chrome全件収集2026-09-28 #91／元投稿=@moose.6927422「意識低い系看護師」／2026-09-28新規
2026-09-28,https://www.threads.com/@moose.6927422/post/Ddx3eDIFKFN,Threadsリプ,私も５度目の転職でやっと今の職場です（泣）なかなかこの業界ブラックしかないですもんね😭転職応援してます！📣,,,,,返信者@nana.y.77／返信先:moose.6927422／表示:17時間・♡0・返信0／Chrome全件収集2026-09-28 #92／元投稿=@moose.6927422「意識低い系看護師」／2026-09-28新規
2026-09-28,https://www.threads.com/@moose.6927422/post/Ddx3eDIFKFN,Threadsリプ,"スーパーでシャンプーとか出してまーす！
最近は冬物のリップとかハンドクリームとか来て並べるのめちゃくちゃ楽しかった〜▓

二度と看護師やりたくない",,,,,返信者@maako0628／返信先:元投稿／表示:19時間・♡61・返信1／Chrome全件収集2026-09-28 #93／元投稿=@moose.6927422「意識低い系看護師」／▓＝取得時に絵文字が文字化け（原文は絵文字）
2026-09-28,https://www.threads.com/@moose.6927422/post/Ddx3eDIFKFN,Threadsリプ,羨ましい…,,,,,返信者@moose.6927422（投稿者）／返信先:maako0628／表示:18時間・♡6・返信0／Chrome全件収集2026-09-28 #94／元投稿=@moose.6927422「意識低い系看護師」
2026-09-28,https://www.threads.com/@moose.6927422/post/Ddx3eDIFKFN,Threadsリプ,田舎で看護師の時給安すぎなくせに、仕事は忙しく責任重大でバカらしくなり…。看護師辞めて、今はタイミーでいろんな所に行ってます！,,,,,返信者@pino.pino109／返信先:元投稿／表示:19時間・♡5・返信0／Chrome全件収集2026-09-28 #95／元投稿=@moose.6927422「意識低い系看護師」
2026-09-28,https://www.threads.com/@moose.6927422/post/Ddx3eDIFKFN,Threadsリプ,"予約制じゃない
ガラガラの町医者〜！
医者と世間話するお年寄りしか来ないとこ〜！

それも週3、昼までの3時間だけ〜！🤣",,,,,返信者@mochiko.0425／返信先:元投稿／表示:19時間・♡23・返信1／Chrome全件収集2026-09-28 #96／元投稿=@moose.6927422「意識低い系看護師」／2026-09-28新規
2026-09-28,https://www.threads.com/@moose.6927422/post/Ddx3eDIFKFN,Threadsリプ,最高な働き方‼️気になるのは給料💰笑,,,,,返信者@moose.6927422（投稿者）／返信先:mochiko.0425／表示:18時間・♡1・返信1／Chrome全件収集2026-09-28 #97／元投稿=@moose.6927422「意識低い系看護師」／2026-09-28新規
2026-09-28,https://www.threads.com/@moose.6927422/post/Ddx3eDIFKFN,Threadsリプ,ど田舎で時給1500えーん！,,,,,返信者@mochiko.0425／返信先:moose.6927422／表示:18時間・♡1・返信1／Chrome全件収集2026-09-28 #98／元投稿=@moose.6927422「意識低い系看護師」／2026-09-28新規
2026-09-28,https://www.threads.com/@moose.6927422/post/Ddx3eDIFKFN,Threadsリプ,うぅ…旦那にその分稼いでもらって…も、うちは回らないっ…やっぱりクリニック系は給与面が限界ありますね…（ ｉ _ ｉ ）,,,,,返信者@moose.6927422（投稿者）／返信先:mochiko.0425／表示:18時間・♡0・返信0／Chrome全件収集2026-09-28 #99／元投稿=@moose.6927422「意識低い系看護師」／2026-09-28新規
2026-09-28,https://www.threads.com/@moose.6927422/post/Ddx3eDIFKFN,Threadsリプ,意識低いですが、年間120日の休みがあるので転職ができない総合病院の透析室です。,,,,,返信者@aya.24karats.3jsb／返信先:元投稿／表示:19時間・♡0・返信0／Chrome全件収集2026-09-28 #100／元投稿=@moose.6927422「意識低い系看護師」
2026-09-28,https://www.threads.com/@moose.6927422/post/Ddx3eDIFKFN,Threadsリプ,専業主婦です〜‼️,,,,,返信者@buk0.t／返信先:元投稿／表示:19時間・♡0・返信0／Chrome全件収集2026-09-28 #101／元投稿=@moose.6927422「意識低い系看護師」
2026-09-28,https://www.threads.com/@moose.6927422/post/Ddx3eDIFKFN,Threadsリプ,グループホームで元気なじーちゃんばーちゃんとの〜んびりお話ししながら爪切りしてまーす！,,,,,返信者@mikitangram／返信先:元投稿／表示:19時間・♡1・返信0／Chrome全件収集2026-09-28 #102／元投稿=@moose.6927422「意識低い系看護師」
2026-09-28,https://www.threads.com/@moose.6927422/post/Ddx3eDIFKFN,Threadsリプ,"看護師のコールセンターです♩
人間関係皆無で
壁ありマイデスクで
1人休憩出来て天国です♩笑笑",,,,,返信者@a.yuuumi.52／返信先:元投稿／表示:19時間・♡56・返信1／Chrome全件収集2026-09-28 #103／元投稿=@moose.6927422「意識低い系看護師」
2026-09-28,https://www.threads.com/@moose.6927422/post/Ddx3eDIFKFN,Threadsリプ,疲れに𖭲ゃꩢ❣️🐾,,,,,返信者@gabriel.syme／返信先:a.yuuumi.52／表示:15時間・♡0・返信1／Chrome全件収集2026-09-28 #104／元投稿=@moose.6927422「意識低い系看護師」／2026-09-28新規
2026-09-28,https://www.threads.com/@moose.6927422/post/Ddx3eDIFKFN,Threadsリプ,お疲れにゃん🐱,,,,,返信者@a.yuuumi.52／返信先:gabriel.syme／表示:15時間・♡1・返信0／Chrome全件収集2026-09-28 #105／元投稿=@moose.6927422「意識低い系看護師」／2026-09-28新規
2026-09-28,https://www.threads.com/@moose.6927422/post/Ddx3eDIFKFN,Threadsリプ,"総合病院で外来の患者さんとニコニコ話しながら検査用ルート取るだけのお仕事マジでスキー

アレルギーだけはでないでー😭",,,,,返信者@chii_isk／返信先:元投稿／表示:19時間・♡1・返信0／Chrome全件収集2026-09-28 #106／元投稿=@moose.6927422「意識低い系看護師」
2026-09-28,https://www.threads.com/@moose.6927422/post/Ddx3eDIFKFN,Threadsリプ,"パートで働いてたけど、子どもが学童に入れなくて4月からニート生活
みんなどこで求人探してるんだろう🤔",,,,,返信者@momotaron1234／返信先:元投稿／表示:19時間・♡0・返信0／Chrome全件収集2026-09-28 #107／元投稿=@moose.6927422「意識低い系看護師」
2026-09-28,https://www.threads.com/@moose.6927422/post/Ddx3eDIFKFN,Threadsリプ,"障がい者通所施設、生活介護ですー
毎日、食事介助と入浴介助ですー
インスリン注射、内服薬管理もあります
たまーに漏れたー！！って言われてストマ交換してます",,,,,返信者@black_vkei／返信先:元投稿／表示:19時間・♡1・返信1／Chrome全件収集2026-09-28 #108／元投稿=@moose.6927422「意識低い系看護師」／2026-09-28新規
2026-09-28,https://www.threads.com/@moose.6927422/post/Ddx3eDIFKFN,Threadsリプ,ラクですか？,,,,,返信者@moose.6927422（投稿者）／返信先:black_vkei／表示:19時間・♡2・返信1／Chrome全件収集2026-09-28 #109／元投稿=@moose.6927422「意識低い系看護師」／2026-09-28新規
2026-09-28,https://www.threads.com/@moose.6927422/post/Ddx3eDIFKFN,Threadsリプ,"誰も体調崩さないと暇な時間あります
掃除が行き届いてない施設なので…
廊下掃除したり…
窓拭きしたり…
更に暇な日は看護系の本を中心に読書してます
『病気がみえる』シリーズなら仕事してるっぽくなるから復習がてら読んでます😆",,,,,返信者@black_vkei／返信先:moose.6927422／表示:19時間・♡2・返信1／Chrome全件収集2026-09-28 #110／元投稿=@moose.6927422「意識低い系看護師」／2026-09-28新規
2026-09-28,https://www.threads.com/@moose.6927422/post/Ddx3eDIFKFN,Threadsリプ,なぬ‼️意識高い系が紛れ込んでいるぞ‼️お巡りさん、ここです‼️,,,,,返信者@moose.6927422（投稿者）／返信先:black_vkei／表示:18時間・♡3・返信1／Chrome全件収集2026-09-28 #111／元投稿=@moose.6927422「意識低い系看護師」／2026-09-28新規
2026-09-28,https://www.threads.com/@moose.6927422/post/Ddx3eDIFKFN,Threadsリプ,"あはははwww
時間ありすぎて太ってきましたー！！！！",,,,,返信者@black_vkei／返信先:moose.6927422／表示:16時間・♡0・返信0／Chrome全件収集2026-09-28 #112／元投稿=@moose.6927422「意識低い系看護師」／2026-09-28新規
2026-09-28,https://www.threads.com/@moose.6927422/post/Ddx3eDIFKFN,Threadsリプ,意識低すぎて看護師辞めて、雑貨屋さんで接客パートしてまーす。,,,,,返信者@_y.a.m_ear_yuumi_／返信先:元投稿／表示:19時間・♡22・返信1／Chrome全件収集2026-09-28 #113／元投稿=@moose.6927422「意識低い系看護師」
2026-09-28,https://www.threads.com/@moose.6927422/post/Ddx3eDIFKFN,Threadsリプ,羨ましい〜給料面考えて転職できずにいます😖,,,,,返信者@moose.6927422（投稿者）／返信先:_y.a.m_ear_yuumi_／表示:19時間・♡7・返信1／Chrome全件収集2026-09-28 #114／元投稿=@moose.6927422「意識低い系看護師」
2026-09-28,https://www.threads.com/@moose.6927422/post/Ddx3eDIFKFN,Threadsリプ,"諸事情で10年前に辞めてしまい、さあそろそろ働かねば…と思った時に『人の命…こわい…』となり、看護師として復帰するのを辞めました。

それが、看護師として戻るにしてもパートなんですが、この地域時給あまり変わらないんですよ…恐ろしいことに…",,,,,返信者@_y.a.m_ear_yuumi_／返信先:moose.6927422／表示:19時間・♡1・返信0／Chrome全件収集2026-09-28 #115／元投稿=@moose.6927422「意識低い系看護師」
2026-09-28,https://www.threads.com/@moose.6927422/post/Ddx3eDIFKFN,Threadsリプ,精神科の訪看に落ち着いてます。直行直帰。訪問ない時は家に帰ってます。週休２日で祝日も休みです。,,,,,返信者@kaze_riri3／返信先:元投稿／表示:19時間・♡3・返信1／Chrome全件収集2026-09-28 #116／元投稿=@moose.6927422「意識低い系看護師」
2026-09-28,https://www.threads.com/@moose.6927422/post/Ddx3eDIFKFN,Threadsリプ,精神の訪看って結構大変なイメージです！こちらの精神的に（笑）,,,,,返信者@moose.6927422（投稿者）／返信先:kaze_riri3／表示:19時間・♡0・返信1／Chrome全件収集2026-09-28 #117／元投稿=@moose.6927422「意識低い系看護師」
2026-09-28,https://www.threads.com/@moose.6927422/post/Ddx3eDIFKFN,Threadsリプ,大変とか怖いとかいうイメージ持たれがちですが、案外そうでもないですよー。爆笑しすぎてお腹はちきれてしまうときもあるくらい。でもバリバリやりたい人にはつまんないと思います！,,,,,返信者@kaze_riri3／返信先:moose.6927422／表示:19時間・♡0・返信0／Chrome全件収集2026-09-28 #118／元投稿=@moose.6927422「意識低い系看護師」
2026-09-28,https://www.threads.com/@moose.6927422/post/Ddx3eDIFKFN,Threadsリプ,"人気ラーメン店で
「へいらっしゃ〜い！」とバリバリ働いております！時給はナースと変わりません(^o^)",,,,,返信者@shishimar2025／返信先:元投稿／表示:20時間・♡153・返信1／Chrome全件収集2026-09-28 #119／元投稿=@moose.6927422「意識低い系看護師」
2026-09-28,https://www.threads.com/@moose.6927422/post/Ddx3eDIFKFN,Threadsリプ,おおー！！！時給一緒ならかなりアリ‼️命かかってない仕事したいです😭,,,,,返信者@moose.6927422（投稿者）／返信先:shishimar2025／表示:19時間・♡39・返信0／Chrome全件収集2026-09-28 #120／元投稿=@moose.6927422「意識低い系看護師」
2026-09-28,https://www.threads.com/@moose.6927422/post/Ddx3eDIFKFN,Threadsリプ,この投稿消さないで下さい…,,,,,返信者@sumikou45／返信先:元投稿／表示:20時間・♡66・返信1／Chrome全件収集2026-09-28 #121／元投稿=@moose.6927422「意識低い系看護師」
2026-09-28,https://www.threads.com/@moose.6927422/post/Ddx3eDIFKFN,Threadsリプ,永久保存版です💪,,,,,返信者@moose.6927422（投稿者）／返信先:sumikou45／表示:19時間・♡25・返信0／Chrome全件収集2026-09-28 #122／元投稿=@moose.6927422「意識低い系看護師」
2026-09-28,https://www.threads.com/@moose.6927422/post/Ddx3eDIFKFN,Threadsリプ,周りに何も無い不便な昔の療養所⇒今は機構になって国立時代を引きずった(全てが中途半端)な病院。ヒソヒソ▓,,,,,返信者@mitsu3no.imo／返信先:元投稿／表示:20時間・♡0・返信0／Chrome全件収集2026-09-28 #123／元投稿=@moose.6927422「意識低い系看護師」／▓＝取得時に絵文字が文字化け（原文は絵文字）
2026-09-28,https://www.threads.com/@moose.6927422/post/Ddx3eDIFKFN,Threadsリプ,"前職は院長が亡くなって失業しました。
良い求人が無かったので仕方なく今の職場(介護系)に来ましたが、ブラックなので本当にイヤです。",,,,,返信者@hi_2512／返信先:元投稿／表示:20時間・♡4・返信0／Chrome全件収集2026-09-28 #124／元投稿=@moose.6927422「意識低い系看護師」
2026-09-28,https://www.threads.com/@moose.6927422/post/Ddx3eDIFKFN,Threadsリプ,"クリニックです〜！

夜勤なし、残業なし、勤務日数少なめ。",,,,,返信者@yuuka.luckygirl／返信先:元投稿／表示:20時間・♡0・返信1／Chrome全件収集2026-09-28 #125／元投稿=@moose.6927422「意識低い系看護師」
2026-09-28,https://www.threads.com/@moose.6927422/post/Ddx3eDIFKFN,Threadsリプ,クリニックは医者との相性大事ですよね🤫,,,,,返信者@moose.6927422（投稿者）／返信先:yuuka.luckygirl／表示:19時間・♡2・返信0／Chrome全件収集2026-09-28 #126／元投稿=@moose.6927422「意識低い系看護師」
2026-09-28,https://www.threads.com/@moose.6927422/post/Ddx3eDIFKFN,Threadsリプ,意識低くて、看護師辞めて今無職😝,,,,,返信者@kuronekokuromaty／返信先:元投稿／表示:20時間・♡4・返信1／Chrome全件収集2026-09-28 #127／元投稿=@moose.6927422「意識低い系看護師」
2026-09-28,https://www.threads.com/@moose.6927422/post/Ddx3eDIFKFN,Threadsリプ,私も無職になりてえ〜‼️‼️‼️,,,,,返信者@moose.6927422（投稿者）／返信先:kuronekokuromaty／表示:19時間・♡0・返信0／Chrome全件収集2026-09-28 #128／元投稿=@moose.6927422「意識低い系看護師」
2026-09-28,https://www.threads.com/@moose.6927422/post/Ddx3eDIFKFN,Threadsリプ,え〜、某企業のコールセンター7年目！,,,,,返信者@kakan3775／返信先:元投稿／表示:20時間・♡5・返信1／Chrome全件収集2026-09-28 #129／元投稿=@moose.6927422「意識低い系看護師」／2026-09-28新規
2026-09-28,https://www.threads.com/@moose.6927422/post/Ddx3eDIFKFN,Threadsリプ,看護から離れたんですね！？羨ましい‼️給料どうですか？？,,,,,返信者@moose.6927422（投稿者）／返信先:kakan3775／表示:19時間・♡3・返信1／Chrome全件収集2026-09-28 #130／元投稿=@moose.6927422「意識低い系看護師」／2026-09-28新規
2026-09-28,https://www.threads.com/@moose.6927422/post/Ddx3eDIFKFN,Threadsリプ,"家庭優先のために切り替えたんで、給料はめっちゃ安いです😅　でも、希望休100%しかも急な休みも取りやすく、定時きっかりで上がれるし、持ち越しの案件なし！　人間関係もほぼ良好。

お金＜精神衛生☺️",,,,,返信者@kakan3775／返信先:moose.6927422／表示:19時間・♡0・返信1／Chrome全件収集2026-09-28 #131／元投稿=@moose.6927422「意識低い系看護師」／2026-09-28新規
2026-09-28,https://www.threads.com/@moose.6927422/post/Ddx3eDIFKFN,Threadsリプ,なるほど！！やっぱり看護を離れるときは給与面で多少の妥協が必要ですよね（ ｉ _ ｉ ）,,,,,返信者@moose.6927422（投稿者）／返信先:kakan3775／表示:17時間・♡1・返信0／Chrome全件収集2026-09-28 #132／元投稿=@moose.6927422「意識低い系看護師」／2026-09-28新規
2026-09-28,https://www.threads.com/@moose.6927422/post/Ddx3eDIFKFN,Threadsリプ,上級国民の個人宅でお世話になっております,,,,,返信者@enyu12130502／返信先:元投稿／表示:20時間・♡82・返信1／Chrome全件収集2026-09-28 #133／元投稿=@moose.6927422「意識低い系看護師」
2026-09-28,https://www.threads.com/@moose.6927422/post/Ddx3eDIFKFN,Threadsリプ,詳しく…聞かせてくれねえか…,,,,,返信者@moose.6927422（投稿者）／返信先:enyu12130502／表示:19時間・♡65・返信1／Chrome全件収集2026-09-28 #134／元投稿=@moose.6927422「意識低い系看護師」
2026-09-28,https://www.threads.com/@moose.6927422/post/Ddx3eDIFKFN,Threadsリプ,"コミュニケーションのされ方が
非常に個性的な方で…
秘書さん経由で お心持ちに合わせて対応出来る看護師を探されていたのですが、どの看護師も一週間持たず辞めてしまう(最短2分)

加えて病院という場所や
バイタル測定を始め 必要な医療行為が極端に苦手なため、お気持ちの様子を見ながら 或いは前向きになっていただくために、荒れたご気分から発せられる素直なお言葉を頂戴しながら、必要なお声掛けをさせていただく職場です

看護以外に、お食事の準備やお洗濯、お屋敷内のお掃除、愛犬のお散歩などの日常のお世話も、あなたがやりなさい と言われればさせていただきます

理不尽には馴れたし、勤務時間は日によりますが大抵30分～4時間程度
お給金がよすぎて辞められない！！笑",,,,,返信者@enyu12130502／返信先:moose.6927422／表示:19時間・♡88・返信4／Chrome全件収集2026-09-28 #135／元投稿=@moose.6927422「意識低い系看護師」
2026-09-28,https://www.threads.com/@moose.6927422/post/Ddx3eDIFKFN,Threadsリプ,デヴィ夫人のおうちですか👑✨笑,,,,,返信者@wagamom7／返信先:enyu12130502／表示:18時間・♡2・返信0／Chrome全件収集2026-09-28 #136／元投稿=@moose.6927422「意識低い系看護師」／2026-09-28新規
2026-09-28,https://www.threads.com/@moose.6927422/post/Ddx3eDIFKFN,Threadsリプ,"おお…‼️すごい世界‼️
短気な私には到底無理なお仕事でした😂😂
そんなに給料がいいとは…いろんな仕事がありますねえ🥺",,,,,返信者@moose.6927422（投稿者）／返信先:enyu12130502／表示:18時間・♡14・返信0／Chrome全件収集2026-09-28 #137／元投稿=@moose.6927422「意識低い系看護師」／2026-09-28新規
2026-09-28,https://www.threads.com/@moose.6927422/post/Ddx3eDIFKFN,Threadsリプ,"最短2分でギブした方、何があったのか、めっちゃ、気になります‼️笑
怖いもの見たさで、体験してみたい自分がいつつ、、、訪看で癖のある方の訪問でいくつか地雷踏んできたから、多分、30分くらいでクビかな😆
才能あるんですね、コミュ力お化け👻✨なんですかね！？お給金いいのも内容が誰にでもは務まらないからこそ、、すごいです👏✨✨",,,,,返信者@pyaachi／返信先:enyu12130502／表示:17時間・♡2・返信1／Chrome全件収集2026-09-28 #138／元投稿=@moose.6927422「意識低い系看護師」／2026-09-28新規
2026-09-28,https://www.threads.com/@moose.6927422/post/Ddx3eDIFKFN,Threadsリプ,私もやってみたいなぁ🤭,,,,,返信者@jinghushangmeibao／返信先:enyu12130502／表示:17時間・♡1・返信0／Chrome全件収集2026-09-28 #139／元投稿=@moose.6927422「意識低い系看護師」／2026-09-28新規
2026-09-28,https://www.threads.com/@moose.6927422/post/Ddx3eDIFKFN,Threadsリプ,"ご本人さまの面接で
お心持ちそのままの言葉を浴びられ
それが堪えたようです…",,,,,返信者@enyu12130502／返信先:pyaachi／表示:17時間・♡3・返信1／Chrome全件収集2026-09-28 #140／元投稿=@moose.6927422「意識低い系看護師」／2026-09-28新規
2026-09-28,https://www.threads.com/@moose.6927422/post/Ddx3eDIFKFN,Threadsリプ,"、、、病棟とか施設とか、周りに同業者が多数いる現場で聞く""お心もちそのまま""と違い、在宅でアウェイ感満載な場で、1人でそれを受けるのとは、重さがまるで違いますからね💦　主さん、すごいです、才能です。その方も主さんと巡り会えて幸せですね^ ^",,,,,返信者@pyaachi／返信先:enyu12130502／表示:9時間・♡1・返信0／Chrome全件収集2026-09-28 #141／元投稿=@moose.6927422「意識低い系看護師」／2026-09-28新規
2026-09-28,https://www.threads.com/@moose.6927422/post/Ddx3eDIFKFN,Threadsリプ,"急性期やりたくない、夜勤やりたくない、成人の相手をしたくない、という理由で特養に行きました。
お金よりも自分が働きやすいか…に重きを置きましたが、これで良かったと思っています。
卒後3年目から特養来ましたが、それから10年。案外色々なことを学べているなと感じています。",,,,,返信者@oo.li1y.oo／返信先:元投稿／表示:20時間・♡16・返信1／Chrome全件収集2026-09-28 #142／元投稿=@moose.6927422「意識低い系看護師」／2026-09-28新規
2026-09-28,https://www.threads.com/@moose.6927422/post/Ddx3eDIFKFN,Threadsリプ,急性期やりたくないまじでわかります。移動とかないですか？,,,,,返信者@moose.6927422（投稿者）／返信先:oo.li1y.oo／表示:19時間・♡1・返信1／Chrome全件収集2026-09-28 #143／元投稿=@moose.6927422「意識低い系看護師」／2026-09-28新規
2026-09-28,https://www.threads.com/@moose.6927422/post/Ddx3eDIFKFN,Threadsリプ,"看護の仕事と介護の仕事はちゃんと分かれているので、ベッドから車椅子への移乗介助とかは基本的に介護課担当です。時々看護師もやりますが、軽介助の人くらいしかやらないです…というか介護課の方が圧倒的に上手なので、無理と悟った時はすぐお願いしています。あとオムツ交換も。

日常生活援助の全てをやらなくていい分、私には働きやすいですね。",,,,,返信者@oo.li1y.oo／返信先:moose.6927422／表示:19時間・♡1・返信0／Chrome全件収集2026-09-28 #144／元投稿=@moose.6927422「意識低い系看護師」／2026-09-28新規
2026-09-28,https://www.threads.com/@moose.6927422/post/Ddx3eDIFKFN,Threadsリプ,"クリニックで週3午前のみです笑
車で30分かかるけど時給いいので辞められません",,,,,返信者@gubxssjjdsrjjv／返信先:元投稿／表示:20時間・♡3・返信1／Chrome全件収集2026-09-28 #145／元投稿=@moose.6927422「意識低い系看護師」／2026-09-28新規
2026-09-28,https://www.threads.com/@moose.6927422/post/Ddx3eDIFKFN,Threadsリプ,めっちゃ理想です🥺🥺ちなみにいくらですか🤑,,,,,返信者@moose.6927422（投稿者）／返信先:gubxssjjdsrjjv／表示:19時間・♡1・返信1／Chrome全件収集2026-09-28 #146／元投稿=@moose.6927422「意識低い系看護師」／2026-09-28新規
2026-09-28,https://www.threads.com/@moose.6927422/post/Ddx3eDIFKFN,Threadsリプ,時給2000円、交通費は5000円/月で手取り12万くらい頂いてます💰,,,,,返信者@gubxssjjdsrjjv／返信先:moose.6927422／表示:18時間・♡0・返信1／Chrome全件収集2026-09-28 #147／元投稿=@moose.6927422「意識低い系看護師」／2026-09-28新規
2026-09-28,https://www.threads.com/@moose.6927422/post/Ddx3eDIFKFN,Threadsリプ,週3がまじで理想です…教えていただきありがとうございます😊,,,,,返信者@moose.6927422（投稿者）／返信先:gubxssjjdsrjjv／表示:18時間・♡0・返信0／Chrome全件収集2026-09-28 #148／元投稿=@moose.6927422「意識低い系看護師」／2026-09-28新規
2026-09-28,https://www.threads.com/@moose.6927422/post/Ddx3eDIFKFN,Threadsリプ,"ねー
思わん？

意識低い看護師でもさ
人数が必要なのよ現場には

なんで病院は、目標だの研究だの認定だの　もっともっと高みを！なの

現実人手不足が激しくて、それどころじゃないだろうよって

今日本は、医療現場が崩壊してんのよ
やる気とか　大切だけど
淡々とやる、そんな人材が一番大切だろうよ！って",,,,,返信者@tiger.4487915／返信先:元投稿／表示:20時間・♡462・返信1／Chrome全件収集2026-09-28 #149／元投稿=@moose.6927422「意識低い系看護師」
2026-09-28,https://www.threads.com/@moose.6927422/post/Ddx3eDIFKFN,Threadsリプ,"ですね！高みを目指させるんじゃなくて、低み？笑を安定させ稼働させる仕組みづくり。ボトムアップ✨にしてほしい。最低限の安全、普通に人として思いやり、業務を皆んなで手分けして終わらせる空気の良さ。
それで、ちゃんと給料アップ⤴️",,,,,返信者@pyaachi／返信先:tiger.4487915／表示:17時間・♡22・返信0／Chrome全件収集2026-09-28 #150／元投稿=@moose.6927422「意識低い系看護師」／2026-09-28新規
2026-09-28,https://www.threads.com/@moose.6927422/post/Ddx3eDIFKFN,Threadsリプ,"介護施設です。
お給料安いけど、看護師必須のところではないので、休みが自由に取れます。5連休もOKだし、出勤自体もフレックス勤務状態です。
介護士さんの理解のもと成り立っているので感謝しつつ、子供の用事以外はちゃんと働いてますが。
細く長く続けるにはうってつけ。",,,,,返信者@kea.teka／返信先:元投稿／表示:20時間・♡6・返信1／Chrome全件収集2026-09-28 #151／元投稿=@moose.6927422「意識低い系看護師」／2026-09-28新規
2026-09-28,https://www.threads.com/@moose.6927422/post/Ddx3eDIFKFN,Threadsリプ,"なにそれ最高😭✨✨
ということは看護師は主さんひとりですか？",,,,,返信者@moose.6927422（投稿者）／返信先:kea.teka／表示:19時間・♡1・返信1／Chrome全件収集2026-09-28 #152／元投稿=@moose.6927422「意識低い系看護師」／2026-09-28新規
2026-09-28,https://www.threads.com/@moose.6927422/post/Ddx3eDIFKFN,Threadsリプ,"そうです。
私が休みの時の緊急時はとなりの同じグループの看護師に相談に言ってくれるので、子育て中には本当にありがたい職場です。
うちは子供に手がかかるので辞めたいなぁと思うこともありますが、なかなかこさこまでの好条件はないですよね。",,,,,返信者@kea.teka／返信先:moose.6927422／表示:19時間・♡1・返信1／Chrome全件収集2026-09-28 #153／元投稿=@moose.6927422「意識低い系看護師」／2026-09-28新規
2026-09-28,https://www.threads.com/@moose.6927422/post/Ddx3eDIFKFN,Threadsリプ,辞めちゃうと勿体無いですね💦かなりいい‼️,,,,,返信者@moose.6927422（投稿者）／返信先:kea.teka／表示:18時間・♡1・返信0／Chrome全件収集2026-09-28 #154／元投稿=@moose.6927422「意識低い系看護師」／2026-09-28新規
2026-09-28,https://www.threads.com/@moose.6927422/post/Ddx3eDIFKFN,Threadsリプ,"グループホームの巡回です。
基本「変わりなし」です。",,,,,返信者@mamekichi.nakaji／返信先:元投稿／表示:20時間・♡6・返信1／Chrome全件収集2026-09-28 #155／元投稿=@moose.6927422「意識低い系看護師」
2026-09-28,https://www.threads.com/@moose.6927422/post/Ddx3eDIFKFN,Threadsリプ,一時期バイトしてました！ガチラクですよね♩それ一本ですか？,,,,,返信者@moose.6927422（投稿者）／返信先:mamekichi.nakaji／表示:19時間・♡3・返信1／Chrome全件収集2026-09-28 #156／元投稿=@moose.6927422「意識低い系看護師」
2026-09-28,https://www.threads.com/@moose.6927422/post/Ddx3eDIFKFN,Threadsリプ,一本です！白癬爪切りとの戦いです。,,,,,返信者@mamekichi.nakaji／返信先:moose.6927422／表示:18時間・♡0・返信1／Chrome全件収集2026-09-28 #157／元投稿=@moose.6927422「意識低い系看護師」／2026-09-28新規
2026-09-28,https://www.threads.com/@moose.6927422/post/Ddx3eDIFKFN,Threadsリプ,"私爪切り嫌いです…特に足親指のごつ盛肥厚爪…
でもグループホームありですね🤔",,,,,返信者@moose.6927422（投稿者）／返信先:mamekichi.nakaji／表示:18時間・♡0・返信0／Chrome全件収集2026-09-28 #158／元投稿=@moose.6927422「意識低い系看護師」／2026-09-28新規
2026-09-28,https://www.threads.com/@moose.6927422/post/Ddx3eDIFKFN,Threadsリプ,"看護師1人のクリニックです！
先生が儲けたいみたいなのがないので、仕事もゆったり、毎日仕事中携帯一回は充電し直さないといけないくらい触りまくってます笑笑
仕事中お菓子ジュース食べまくりです、受付さんとおしゃべりもしてます！",,,,,返信者@c4t.baby1113／返信先:元投稿／表示:20時間・♡159・返信1／Chrome全件収集2026-09-28 #159／元投稿=@moose.6927422「意識低い系看護師」
2026-09-28,https://www.threads.com/@moose.6927422/post/Ddx3eDIFKFN,Threadsリプ,そんなクリニックが？！夢の国？！,,,,,返信者@moose.6927422（投稿者）／返信先:c4t.baby1113／表示:19時間・♡46・返信0／Chrome全件収集2026-09-28 #160／元投稿=@moose.6927422「意識低い系看護師」
2026-09-28,https://www.threads.com/@moose.6927422/post/Ddx3eDIFKFN,Threadsリプ,"低いけど救急です
移動はしんどくて希望も出さないので十数年同じところで働いてます",,,,,返信者@bntp0514／返信先:元投稿／表示:20時間・♡2・返信1／Chrome全件収集2026-09-28 #161／元投稿=@moose.6927422「意識低い系看護師」／2026-09-28新規
2026-09-28,https://www.threads.com/@moose.6927422/post/Ddx3eDIFKFN,Threadsリプ,救急なんて私には縁のない場所だ、、、尊敬です🫡,,,,,返信者@moose.6927422（投稿者）／返信先:bntp0514／表示:19時間・♡2・返信0／Chrome全件収集2026-09-28 #162／元投稿=@moose.6927422「意識低い系看護師」／2026-09-28新規
2026-09-28,https://www.threads.com/@moose.6927422/post/Ddx3eDIFKFN,Threadsリプ,めっちゃ知りたいです〜,,,,,返信者@qinghongcha5／返信先:元投稿／表示:20時間・♡1・返信0／Chrome全件収集2026-09-28 #163／元投稿=@moose.6927422「意識低い系看護師」
2026-09-28,https://www.threads.com/@moose.6927422/post/Ddx3eDIFKFN,Threadsリプ,"小規模多機能です
調理に、訪問、掃除、庭仕事、ごみ捨て周り、看護師だったけってなります🌀",,,,,返信者@meronpan81／返信先:元投稿／表示:20時間・♡11・返信1／Chrome全件収集2026-09-28 #164／元投稿=@moose.6927422「意識低い系看護師」／2026-09-28新規
2026-09-28,https://www.threads.com/@moose.6927422/post/Ddx3eDIFKFN,Threadsリプ,実習してるときに将来働きたいって思ったんだった‼️思い出した‼️求人みてきます‼️ありがとうございます‼️‼️私はそう言う仕事がしたい‼️‼️,,,,,返信者@moose.6927422（投稿者）／返信先:meronpan81／表示:19時間・♡13・返信0／Chrome全件収集2026-09-28 #165／元投稿=@moose.6927422「意識低い系看護師」／2026-09-28新規
2026-09-28,https://www.threads.com/@moose.6927422/post/Ddx3eDIFKFN,Threadsリプ,"意識底辺です〜🤣
クリニックの病棟行ったのに
まさかの意識高い系多すぎて
辞めて今ニートです(^O^)
精神戻ろうかなー。
まじでやる気も向上心もない🙏",,,,,返信者@noriko.1392／返信先:元投稿／表示:20時間・♡41・返信2／Chrome全件収集2026-09-28 #166／元投稿=@moose.6927422「意識低い系看護師」／2026-09-28新規
2026-09-28,https://www.threads.com/@moose.6927422/post/Ddx3eDIFKFN,Threadsリプ,"底辺仲間🤘やる気も向上心もないまま
中堅まできてしまってやばいです🙂",,,,,返信者@moose.6927422（投稿者）／返信先:noriko.1392／表示:18時間・♡7・返信0／Chrome全件収集2026-09-28 #167／元投稿=@moose.6927422「意識低い系看護師」／2026-09-28新規
2026-09-28,https://www.threads.com/@moose.6927422/post/Ddx3eDIFKFN,Threadsリプ,"精神めっちゃ気になってますー！！
精神どうですか？？",,,,,返信者@cocoa__0121／返信先:noriko.1392／表示:9時間・♡0・返信1／Chrome全件収集2026-09-28 #168／元投稿=@moose.6927422「意識低い系看護師」／2026-09-28新規
2026-09-28,https://www.threads.com/@moose.6927422/post/Ddx3eDIFKFN,Threadsリプ,"ラクでしたよー😆
比較的意識低い民多いんじゃないですかねー。治らないし治す気もないし（笑）
今は高齢化で半分老健みたいなとこが
多いみたいですけどね。
だとしても所詮ルーチンワーク、急変しないしやる事やって定時ダッシュで帰れると😆",,,,,返信者@noriko.1392／返信先:cocoa__0121／表示:8時間・♡0・返信0／Chrome全件収集2026-09-28 #169／元投稿=@moose.6927422「意識低い系看護師」／2026-09-28新規
2026-09-28,https://www.threads.com/@moose.6927422/post/Ddx3eDIFKFN,Threadsリプ,"採血のみの内分泌内科です。
注射指導は看護師はやらず外部の薬剤師さんを呼んで指導してもらってます。
SMBG指導くらいしかありません。
院長からは、糖尿病療養指導士は取得しても意味がないと言われているので誰も取りません。
意識低いDrなので最高です！",,,,,返信者@hashu0320／返信先:元投稿／表示:20時間・♡42・返信1／Chrome全件収集2026-09-28 #170／元投稿=@moose.6927422「意識低い系看護師」／編集済み
2026-09-28,https://www.threads.com/@moose.6927422/post/Ddx3eDIFKFN,Threadsリプ,最高すぎる、、、！やっぱり医者との相性大事ですよね🙆🏼‍♀️,,,,,返信者@moose.6927422（投稿者）／返信先:hashu0320／表示:18時間・♡7・返信1／Chrome全件収集2026-09-28 #171／元投稿=@moose.6927422「意識低い系看護師」／2026-09-28新規
2026-09-28,https://www.threads.com/@moose.6927422/post/Ddx3eDIFKFN,Threadsリプ,"本当に医者との相性大事ですよね！
しかも、歩行状態がおかしい患者さんがいたので足を見せてもらったんです。
壊死していたので院長に報告。
院長から、うちはフットケアや皮膚科処置はやりたくないんだから、見つけるんじゃないと怒られました😅
紹介状書くのもめんどくさいと言いながら書いてたので、申し訳ない気持ちでいっぱいです。",,,,,返信者@hashu0320／返信先:moose.6927422／表示:7時間・♡2・返信0／Chrome全件収集2026-09-28 #172／元投稿=@moose.6927422「意識低い系看護師」／2026-09-28新規
2026-09-28,https://www.threads.com/@moose.6927422/post/Ddx3eDIFKFN,Threadsリプ,看護師？やめちゃった！,,,,,返信者@aka7480954／返信先:元投稿／表示:20時間・♡60・返信1／Chrome全件収集2026-09-28 #173／元投稿=@moose.6927422「意識低い系看護師」
2026-09-28,https://www.threads.com/@moose.6927422/post/Ddx3eDIFKFN,Threadsリプ,それが一番羨ましい‼️‼️,,,,,返信者@moose.6927422（投稿者）／返信先:aka7480954／表示:18時間・♡10・返信0／Chrome全件収集2026-09-28 #174／元投稿=@moose.6927422「意識低い系看護師」
2026-09-28,https://www.threads.com/@moose.6927422/post/Ddx3eDIFKFN,Threadsリプ,しょうもない3次救急！,,,,,返信者@okayu.kurage／返信先:元投稿／表示:20時間・♡0・返信0／Chrome全件収集2026-09-28 #175／元投稿=@moose.6927422「意識低い系看護師」／2026-09-28新規
2026-09-28,https://www.threads.com/@moose.6927422/post/Ddx3eDIFKFN,Threadsリプ,施設内訪問看護,,,,,返信者@gchagacha_ema／返信先:元投稿／表示:20時間・♡0・返信0／Chrome全件収集2026-09-28 #176／元投稿=@moose.6927422「意識低い系看護師」
2026-09-28,https://www.threads.com/@moose.6927422/post/Ddx3eDIFKFN,Threadsリプ,地域包括ケア病棟だよー。,,,,,返信者@musinsan00／返信先:元投稿／表示:20時間・♡4・返信0／Chrome全件収集2026-09-28 #177／元投稿=@moose.6927422「意識低い系看護師」
2026-09-28,https://www.threads.com/@moose.6927422/post/Ddx3eDIFKFN,Threadsリプ,え〜なに〜？👂🏻🖐🏻コメダ珈琲だよ〜☕️,,,,,返信者@mee33galbu／返信先:元投稿／表示:21時間・♡574・返信1／Chrome全件収集2026-09-28 #178／元投稿=@moose.6927422「意識低い系看護師」
2026-09-28,https://www.threads.com/@moose.6927422/post/Ddx3eDIFKFN,Threadsリプ,ちょっともう〜好きすぎ〜〜✌🏻💖💖,,,,,返信者@moose.6927422（投稿者）／返信先:mee33galbu／表示:21時間・♡161・返信0／Chrome全件収集2026-09-28 #179／元投稿=@moose.6927422「意識低い系看護師」
2026-09-28,https://www.threads.com/@moose.6927422/post/Ddx3eDIFKFN,Threadsリプ,"企業の保健室〜
コーヒー飲みながら「仕事しんどいよね〜」て老若男女とだべってます☕️",,,,,返信者@mimi000baby／返信先:元投稿／表示:21時間・♡368・返信1／Chrome全件収集2026-09-28 #180／元投稿=@moose.6927422「意識低い系看護師」
2026-09-28,https://www.threads.com/@moose.6927422/post/Ddx3eDIFKFN,Threadsリプ,企業看護師興味ありありです👀がなかなか求人出ず…いいな羨ましいです☺️,,,,,返信者@moose.6927422（投稿者）／返信先:mimi000baby／表示:21時間・♡84・返信0／Chrome全件収集2026-09-28 #181／元投稿=@moose.6927422「意識低い系看護師」
2026-09-28,https://www.threads.com/@moose.6927422/post/Ddx3eDIFKFN,Threadsリプ,施設です。だけど看護師って面倒すぎて辞めたい,,,,,返信者@cherry__welllll／返信先:元投稿／表示:21時間・♡13・返信1／Chrome全件収集2026-09-28 #182／元投稿=@moose.6927422「意識低い系看護師」／2026-09-28新規
2026-09-28,https://www.threads.com/@moose.6927422/post/Ddx3eDIFKFN,Threadsリプ,私も辞めたい…でも同じだけの給料貰おうと思ったら結構難しくないですか？😢,,,,,返信者@moose.6927422（投稿者）／返信先:cherry__welllll／表示:20時間・♡1・返信0／Chrome全件収集2026-09-28 #183／元投稿=@moose.6927422「意識低い系看護師」／2026-09-28新規
2026-09-28,https://www.threads.com/@moose.6927422/post/Ddx3eDIFKFN,Threadsリプ,"療養病棟です。99%看取り。
たまに延命希望されるけど、結局看取りになります。
仕事内容は、オムツ交換、食事介助、褥瘡処置、点滴管理が９割しめてます。
それなりにいろいろあるけど、融通効きすぎて離れられてない。",,,,,返信者@tysaa.e／返信先:元投稿／表示:21時間・♡19・返信1／Chrome全件収集2026-09-28 #184／元投稿=@moose.6927422「意識低い系看護師」／2026-09-28新規
2026-09-28,https://www.threads.com/@moose.6927422/post/Ddx3eDIFKFN,Threadsリプ,なるほど〜！療養は同じことの繰り返し系なんですね！子育て落ち着いたらアリかも？,,,,,返信者@moose.6927422（投稿者）／返信先:tysaa.e／表示:20時間・♡2・返信1／Chrome全件収集2026-09-28 #185／元投稿=@moose.6927422「意識低い系看護師」／2026-09-28新規
2026-09-28,https://www.threads.com/@moose.6927422/post/Ddx3eDIFKFN,Threadsリプ,"子育て真っ只中！
夜勤は週末で！ってお願いして、希望通るので辞められません、、、
定時でほぼ帰れるので異動させてもらいました！
情報収集も少ないですよ。",,,,,返信者@tysaa.e／返信先:moose.6927422／表示:20時間・♡3・返信1／Chrome全件収集2026-09-28 #186／元投稿=@moose.6927422「意識低い系看護師」／2026-09-28新規
2026-09-28,https://www.threads.com/@moose.6927422/post/Ddx3eDIFKFN,Threadsリプ,魅力的‼️ただ病棟に戻るのは結構ハードル高いかも🤭,,,,,返信者@moose.6927422（投稿者）／返信先:tysaa.e／表示:18時間・♡1・返信1／Chrome全件収集2026-09-28 #187／元投稿=@moose.6927422「意識低い系看護師」／2026-09-28新規
2026-09-28,https://www.threads.com/@moose.6927422/post/Ddx3eDIFKFN,Threadsリプ,病棟は夜勤あるから、お金も少しいいですからね💦子育て真っ只中だからこそ、お金が必要で😢理想はデイサービス！,,,,,返信者@tysaa.e／返信先:moose.6927422／表示:18時間・♡0・返信1／Chrome全件収集2026-09-28 #188／元投稿=@moose.6927422「意識低い系看護師」／2026-09-28新規
2026-09-28,https://www.threads.com/@moose.6927422/post/Ddx3eDIFKFN,Threadsリプ,わかります‼️デイでゆるーり働きたいです（笑）お金さえあれば、、、！,,,,,返信者@moose.6927422（投稿者）／返信先:tysaa.e／表示:17時間・♡0・返信0／Chrome全件収集2026-09-28 #189／元投稿=@moose.6927422「意識低い系看護師」／2026-09-28新規
2026-09-28,https://www.threads.com/@moose.6927422/post/Ddx3eDIFKFN,Threadsリプ,私は外来。たまに乗ってくだけの搬送と下り搬送がくる。パートなので、面倒くさくなったら辞めます🫡,,,,,返信者@01e.r.l.02／返信先:元投稿／表示:21時間・♡1・返信1／Chrome全件収集2026-09-28 #190／元投稿=@moose.6927422「意識低い系看護師」
2026-09-28,https://www.threads.com/@moose.6927422/post/Ddx3eDIFKFN,Threadsリプ,外来はしごできナースと見た‼️私には無理だ（ ｉ _ ｉ ）,,,,,返信者@moose.6927422（投稿者）／返信先:01e.r.l.02／表示:20時間・♡0・返信1／Chrome全件収集2026-09-28 #191／元投稿=@moose.6927422「意識低い系看護師」
2026-09-28,https://www.threads.com/@moose.6927422/post/Ddx3eDIFKFN,Threadsリプ,全然。。寧ろ、看護師としてどうなのかと毎日問うてます。,,,,,返信者@01e.r.l.02／返信先:moose.6927422／表示:19時間・♡0・返信1／Chrome全件収集2026-09-28 #192／元投稿=@moose.6927422「意識低い系看護師」
2026-09-28,https://www.threads.com/@moose.6927422/post/Ddx3eDIFKFN,Threadsリプ,看護師の責任重くてほんといやです☹️,,,,,返信者@moose.6927422（投稿者）／返信先:01e.r.l.02／表示:19時間・♡0・返信0／Chrome全件収集2026-09-28 #193／元投稿=@moose.6927422「意識低い系看護師」／2026-09-28新規
2026-09-28,https://www.threads.com/@moose.6927422/post/Ddx3eDIFKFN,Threadsリプ,"健診センターです。
他人の健康なんてどうでもいいのに、未受診の受診者には「ピンピンコロリでいけると思わないでください。このままだと倒れて介護暮らしですよ」とか、言ってます。",,,,,返信者@east3103／返信先:元投稿／表示:21時間・♡163・返信1／Chrome全件収集2026-09-28 #194／元投稿=@moose.6927422「意識低い系看護師」
2026-09-28,https://www.threads.com/@moose.6927422/post/Ddx3eDIFKFN,Threadsリプ,"健診センター！いいですね！！！採血祭りですか
？☺️",,,,,返信者@moose.6927422（投稿者）／返信先:east3103／表示:20時間・♡21・返信0／Chrome全件収集2026-09-28 #195／元投稿=@moose.6927422「意識低い系看護師」／2026-09-28新規
2026-09-28,https://www.threads.com/@moose.6927422/post/Ddx3eDIFKFN,Threadsリプ,ここのコメント欄参考にします,,,,,返信者@kitamai_desu／返信先:元投稿／表示:21時間・♡59・返信1／Chrome全件収集2026-09-28 #196／元投稿=@moose.6927422「意識低い系看護師」
2026-09-28,https://www.threads.com/@moose.6927422/post/Ddx3eDIFKFN,Threadsリプ,私もですwww求人のようなコメ欄になって最高✌🏻,,,,,返信者@moose.6927422（投稿者）／返信先:kitamai_desu／表示:20時間・♡19・返信1／Chrome全件収集2026-09-28 #197／元投稿=@moose.6927422「意識低い系看護師」
2026-09-28,https://www.threads.com/@moose.6927422/post/Ddx3eDIFKFN,Threadsリプ,たしかに求人みたいですね笑笑😂,,,,,返信者@kitamai_desu／返信先:moose.6927422／表示:20時間・♡1・返信1／Chrome全件収集2026-09-28 #198／元投稿=@moose.6927422「意識低い系看護師」
2026-09-28,https://www.threads.com/@moose.6927422/post/Ddx3eDIFKFN,Threadsリプ,"意識低い系のみなさんの参考になってるようで
呟いて良かったです😂🤍",,,,,返信者@moose.6927422（投稿者）／返信先:kitamai_desu／表示:19時間・♡3・返信0／Chrome全件収集2026-09-28 #199／元投稿=@moose.6927422「意識低い系看護師」
2026-09-28,https://www.threads.com/@moose.6927422/post/Ddx3eDIFKFN,Threadsリプ,"透析クリニックです。
最近、意識高い系に看護部が引っ張られそうになっています。
私は生活のために働いているので、うーん…です。",,,,,返信者@hima.mizu／返信先:元投稿／表示:21時間・♡27・返信1／Chrome全件収集2026-09-28 #200／元投稿=@moose.6927422「意識低い系看護師」
2026-09-28,https://www.threads.com/@moose.6927422/post/Ddx3eDIFKFN,Threadsリプ,生活のために働いてる、に大きく頷いてます。ほんそれすぎて。透析は患者がややこしいイメージです😮‍💨,,,,,返信者@moose.6927422（投稿者）／返信先:hima.mizu／表示:20時間・♡8・返信1／Chrome全件収集2026-09-28 #201／元投稿=@moose.6927422「意識低い系看護師」
2026-09-28,https://www.threads.com/@moose.6927422/post/Ddx3eDIFKFN,Threadsリプ,"クリニック自体は、アナログなので…。そこをもっと改善してくれよ…と心の中で思う反面。（ま、お金のいることなので何とも。院長の方針には従わないと、です）
透析に付随する他の業務を小チームに分けて仕事与えられます。
が、上が色んな決定権を持ってる割にはキャパオーバーで。上の承認待ちみたいなところもあり。うーん。
指揮系統ちゃんとしてから仕事増やしてくれよ、と思います。",,,,,返信者@hima.mizu／返信先:moose.6927422／表示:20時間・♡1・返信0／Chrome全件収集2026-09-28 #202／元投稿=@moose.6927422「意識低い系看護師」
2026-09-28,https://www.threads.com/@moose.6927422/post/Ddx3eDIFKFN,Threadsリプ,官公庁事務補助っす。非常勤なのに重役出勤っす！,,,,,返信者@htp_405／返信先:元投稿／表示:21時間・♡2・返信0／Chrome全件収集2026-09-28 #203／元投稿=@moose.6927422「意識低い系看護師」
2026-09-28,https://www.threads.com/@moose.6927422/post/Ddx3eDIFKFN,Threadsリプ,看護師と医療事務の兼務ですが、体を壊したのをきっかけに事務職の比率を大幅に増やしました。所属長には看護師引退を願い出ています,,,,,返信者@shiika5158／返信先:元投稿／表示:21時間・♡1・返信0／Chrome全件収集2026-09-28 #204／元投稿=@moose.6927422「意識低い系看護師」
2026-09-28,https://www.threads.com/@moose.6927422/post/Ddx3eDIFKFN,Threadsリプ,特養です〜看取りもあるけどやることやって、ほんわかした雰囲気で働いてます😊給料も病院のときよりも上がったので言うことない🤣,,,,,返信者@hanu.guutara／返信先:元投稿／表示:21時間・♡12・返信2／Chrome全件収集2026-09-28 #205／元投稿=@moose.6927422「意識低い系看護師」
2026-09-28,https://www.threads.com/@moose.6927422/post/Ddx3eDIFKFN,Threadsリプ,すごいですね,,,,,返信者@hottahisato／返信先:hanu.guutara／表示:20時間・♡0・返信0／Chrome全件収集2026-09-28 #206／元投稿=@moose.6927422「意識低い系看護師」／2026-09-28新規
2026-09-28,https://www.threads.com/@moose.6927422/post/Ddx3eDIFKFN,Threadsリプ,夜勤なしですか？それで給料上がるなら最高すぎます😊,,,,,返信者@moose.6927422（投稿者）／返信先:hanu.guutara／表示:18時間・♡0・返信0／Chrome全件収集2026-09-28 #207／元投稿=@moose.6927422「意識低い系看護師」／2026-09-28新規
2026-09-28,https://www.threads.com/@moose.6927422/post/Ddx3eDIFKFN,Threadsリプ,クリニックです！給料やすい🙄拘束時間ながい🙄でも心身ラクで人間関係もいいのでやめられないです,,,,,返信者@hxsxl_yi／返信先:元投稿／表示:21時間・♡1・返信0／Chrome全件収集2026-09-28 #208／元投稿=@moose.6927422「意識低い系看護師」
2026-09-28,https://www.threads.com/@moose.6927422/post/Ddx3eDIFKFN,Threadsリプ,"特養です〜
薬のセットと体調チェックです☑️残業なし、介護業務は無いのでお風呂介助、移乗などありません〜
暇すぎて気が狂いそうになるときあります。",,,,,返信者@knc_hk／返信先:元投稿／表示:21時間・♡59・返信2／Chrome全件収集2026-09-28 #209／元投稿=@moose.6927422「意識低い系看護師」／2026-09-28新規
2026-09-28,https://www.threads.com/@moose.6927422/post/Ddx3eDIFKFN,Threadsリプ,"私も暇で気を狂わせたい‼️（狂気）
羨ましいです！",,,,,返信者@moose.6927422（投稿者）／返信先:knc_hk／表示:18時間・♡21・返信0／Chrome全件収集2026-09-28 #210／元投稿=@moose.6927422「意識低い系看護師」／2026-09-28新規
2026-09-28,https://www.threads.com/@moose.6927422/post/Ddx3eDIFKFN,Threadsリプ,特養とかデイとか介護系興味あるけど介護士からの謎の僻み妬み、圧が怖そうでチャレンジ出来ない…,,,,,返信者@aman0jack.xx／返信先:knc_hk／表示:8時間・♡1・返信1／Chrome全件収集2026-09-28 #211／元投稿=@moose.6927422「意識低い系看護師」／2026-09-28新規
2026-09-28,https://www.threads.com/@moose.6927422/post/Ddx3eDIFKFN,Threadsリプ,"ナースもだけど、介護士さん色んな人がいます‥入ったばかりの頃はマウント？みたいなこともありましたけど、知識技術経験を積んできたナースなら大丈夫です。
正しいことを分かりやすく説明できれば良いんですけど、そもそもの習っている内容が少しズレていて〔介護福祉士の試験問題見れば分かります〕
分かりあうのは難しい😓一線引いて割り切れれば大丈夫かも。",,,,,返信者@knc_hk／返信先:aman0jack.xx／表示:8時間・♡1・返信0／Chrome全件収集2026-09-28 #212／元投稿=@moose.6927422「意識低い系看護師」／2026-09-28新規
2026-09-28,https://www.threads.com/@moose.6927422/post/Ddx3eDIFKFN,Threadsリプ,潰れるのも時間の問題だろう、整形外科病院の外来。,,,,,返信者@yun__new／返信先:元投稿／表示:21時間・♡9・返信0／Chrome全件収集2026-09-28 #213／元投稿=@moose.6927422「意識低い系看護師」
2026-09-28,https://www.threads.com/@moose.6927422/post/Ddx3eDIFKFN,Threadsリプ,来年転職するつもりなので参考にします！,,,,,返信者@misk8er／返信先:元投稿／表示:21時間・♡4・返信0／Chrome全件収集2026-09-28 #214／元投稿=@moose.6927422「意識低い系看護師」
2026-09-28,https://www.threads.com/@moose.6927422/post/Ddx3eDIFKFN,Threadsリプ,"クリニックで〜す✌️
時間ギリギリ遅刻もたまに、患者さんがいないときは椅子に座って雑談、看護業務以外はなにもしない。
院長が残念だけどラクだからやめられない。。",,,,,返信者@noa31__home／返信先:元投稿／表示:21時間・♡18・返信1／Chrome全件収集2026-09-28 #215／元投稿=@moose.6927422「意識低い系看護師」
2026-09-28,https://www.threads.com/@moose.6927422/post/Ddx3eDIFKFN,Threadsリプ,看護師同士が仲良かったら暇でも問題なしですね🙆🏼‍♀️羨ましい！,,,,,返信者@moose.6927422（投稿者）／返信先:noa31__home／表示:18時間・♡3・返信0／Chrome全件収集2026-09-28 #216／元投稿=@moose.6927422「意識低い系看護師」
2026-09-28,https://www.threads.com/@moose.6927422/post/Ddx3eDIFKFN,Threadsリプ,総合病院の外来パートです☺️,,,,,返信者@_natsu.mama_／返信先:元投稿／表示:22時間・♡4・返信0／Chrome全件収集2026-09-28 #217／元投稿=@moose.6927422「意識低い系看護師」
2026-09-28,https://www.threads.com/@moose.6927422/post/Ddx3eDIFKFN,Threadsリプ,"特養
夜勤なし、看護計画なし
オンコールあるけど、ほぼない鳴らない

毎日、定時で帰ります",,,,,返信者@maru_mama601／返信先:元投稿／表示:22時間・♡26・返信1／Chrome全件収集2026-09-28 #218／元投稿=@moose.6927422「意識低い系看護師」／2026-09-28新規
2026-09-28,https://www.threads.com/@moose.6927422/post/Ddx3eDIFKFN,Threadsリプ,いい特養ですね‼️看護師は数名いらっしゃるんですか？,,,,,返信者@moose.6927422（投稿者）／返信先:maru_mama601／表示:18時間・♡2・返信1／Chrome全件収集2026-09-28 #219／元投稿=@moose.6927422「意識低い系看護師」／2026-09-28新規
2026-09-28,https://www.threads.com/@moose.6927422/post/Ddx3eDIFKFN,Threadsリプ,"古い施設で、100名位以上の
利用者さんが入居されてます

なので看護師も、平日は最低4人
休日は2〜3人でまわしてます",,,,,返信者@maru_mama601／返信先:moose.6927422／表示:18時間・♡0・返信1／Chrome全件収集2026-09-28 #220／元投稿=@moose.6927422「意識低い系看護師」／2026-09-28新規
2026-09-28,https://www.threads.com/@moose.6927422/post/Ddx3eDIFKFN,Threadsリプ,それだけ看護師がいると急な休みがあっても回りますね！夜勤ないのいいですよね〜😖❣️,,,,,返信者@moose.6927422（投稿者）／返信先:maru_mama601／表示:18時間・♡2・返信0／Chrome全件収集2026-09-28 #221／元投稿=@moose.6927422「意識低い系看護師」／2026-09-28新規
2026-09-28,https://www.threads.com/@moose.6927422/post/Ddx3eDIFKFN,Threadsリプ,"クリニックです✌️
5分前に出勤して終わったら秒で帰ります😂笑
夜勤なしの病院時代よりお給料はもらえてますし、日々勉強！！感がまったくなく楽です笑",,,,,返信者@12.10sk／返信先:元投稿／表示:22時間・♡309・返信3／Chrome全件収集2026-09-28 #222／元投稿=@moose.6927422「意識低い系看護師」
2026-09-28,https://www.threads.com/@moose.6927422/post/Ddx3eDIFKFN,Threadsリプ,"全く一緒でぇす🥹💖💖💖💖💖💖
退勤時間30秒前からタイムカードの前で待機してまぁぁすww",,,,,返信者@tam8.shirooo_9／返信先:12.10sk／表示:22時間・♡64・返信1／Chrome全件収集2026-09-28 #223／元投稿=@moose.6927422「意識低い系看護師」／2026-09-28新規
2026-09-28,https://www.threads.com/@moose.6927422/post/Ddx3eDIFKFN,Threadsリプ,"委員会🥹？
看護研究、、🥹？
多重課題、、、？🥹
なにそれ？？🥹ww",,,,,返信者@12.10sk／返信先:tam8.shirooo_9／表示:21時間・♡6・返信0／Chrome全件収集2026-09-28 #224／元投稿=@moose.6927422「意識低い系看護師」／2026-09-28新規
2026-09-28,https://www.threads.com/@moose.6927422/post/Ddx3eDIFKFN,Threadsリプ,"横からすみません🥺
地域にもよるのはわかっていますが、どんなクリニックだったら病棟よりもお給料が貰えるんでしょうか？🥺✨",,,,,返信者@maternity.account_04／返信先:12.10sk／表示:19時間・♡0・返信1／Chrome全件収集2026-09-28 #225／元投稿=@moose.6927422「意識低い系看護師」／2026-09-28新規
2026-09-28,https://www.threads.com/@moose.6927422/post/Ddx3eDIFKFN,Threadsリプ,手術ありの眼科なので、手術なしのクリニックよりは手当等が付くのでそこが大きいかなと思います！,,,,,返信者@12.10sk／返信先:maternity.account_04／表示:18時間・♡0・返信0／Chrome全件収集2026-09-28 #226／元投稿=@moose.6927422「意識低い系看護師」／2026-09-28新規
2026-09-28,https://www.threads.com/@moose.6927422/post/Ddx3eDIFKFN,Threadsリプ,羨ましいです🥺🥺大当たりクリニックですね！！そんな求人どこに、、、！,,,,,返信者@moose.6927422（投稿者）／返信先:12.10sk／表示:18時間・♡21・返信0／Chrome全件収集2026-09-28 #227／元投稿=@moose.6927422「意識低い系看護師」／2026-09-28新規
2026-09-28,https://www.threads.com/@moose.6927422/post/Ddx3eDIFKFN,Threadsリプ,採血室５年目です〜！日々採血だけがあるのみです(笑),,,,,返信者@mashumaro3／返信先:元投稿／表示:22時間・♡31・返信1／Chrome全件収集2026-09-28 #228／元投稿=@moose.6927422「意識低い系看護師」
2026-09-28,https://www.threads.com/@moose.6927422/post/Ddx3eDIFKFN,Threadsリプ,大きな病院の採血室ですか？そこに希望出せるんですか❓,,,,,返信者@moose.6927422（投稿者）／返信先:mashumaro3／表示:18時間・♡3・返信2／Chrome全件収集2026-09-28 #229／元投稿=@moose.6927422「意識低い系看護師」
2026-09-28,https://www.threads.com/@moose.6927422/post/Ddx3eDIFKFN,Threadsリプ,一応国立の大学病院です！たまたまパート募集してまして、入ってからずっと採血室です💉,,,,,返信者@mashumaro3／返信先:moose.6927422／表示:16時間・♡1・返信1／Chrome全件収集2026-09-28 #230／元投稿=@moose.6927422「意識低い系看護師」／2026-09-28新規
2026-09-28,https://www.threads.com/@moose.6927422/post/Ddx3eDIFKFN,Threadsリプ,横からすみません！大学病院の採血室でインディードで募集出てました^ ^大阪です！,,,,,返信者@cocoa__0121／返信先:moose.6927422／表示:9時間・♡0・返信0／Chrome全件収集2026-09-28 #231／元投稿=@moose.6927422「意識低い系看護師」／2026-09-28新規
2026-09-28,https://www.threads.com/@moose.6927422/post/Ddx3eDIFKFN,Threadsリプ,なるほど！！！やっぱり求人を見張るしかなさそうです🤔笑,,,,,返信者@moose.6927422（投稿者）／返信先:mashumaro3／表示:5時間・♡1・返信1／Chrome全件収集2026-09-28 #232／元投稿=@moose.6927422「意識低い系看護師」／2026-09-28新規
2026-09-28,https://www.threads.com/@moose.6927422/post/Ddx3eDIFKFN,Threadsリプ,ですです！ハローワークだけでなくナースセンターなども行って見張ってみて下さい〜✨,,,,,返信者@mashumaro3／返信先:moose.6927422／表示:3時間・♡0・返信0／Chrome全件収集2026-09-28 #233／元投稿=@moose.6927422「意識低い系看護師」／2026-09-28新規
2026-09-28,https://www.threads.com/@moose.6927422/post/Ddx3eDIFKFN,Threadsリプ,"パート事務しています。
看護師資格所持が応募条件でした。
面倒くさい人らとの関わりがないため気に入ってます。",,,,,返信者@teriyaki_yummy／返信先:元投稿／表示:22時間・♡13・返信1／Chrome全件収集2026-09-28 #234／元投稿=@moose.6927422「意識低い系看護師」
2026-09-28,https://www.threads.com/@moose.6927422/post/Ddx3eDIFKFN,Threadsリプ,"パート事務気になります❗️
看護師疲れてしまって。。。",,,,,返信者@rorommyy／返信先:teriyaki_yummy／表示:21時間・♡4・返信0／Chrome全件収集2026-09-28 #235／元投稿=@moose.6927422「意識低い系看護師」
2026-09-28,https://www.threads.com/@moose.6927422/post/Ddx3eDIFKFN,Threadsリプ,"健診センター
1日2人の人間ドック案内
結果表作り
給料高くないけど、この仕事量なら全然アリ✨",,,,,返信者@misaatarimo／返信先:元投稿／表示:22時間・♡78・返信1／Chrome全件収集2026-09-28 #236／元投稿=@moose.6927422「意識低い系看護師」
2026-09-28,https://www.threads.com/@moose.6927422/post/Ddx3eDIFKFN,Threadsリプ,めっちゃ良い‼️ちなみに給料はどれくらいですか…？🫣,,,,,返信者@moose.6927422（投稿者）／返信先:misaatarimo／表示:18時間・♡0・返信0／Chrome全件収集2026-09-28 #237／元投稿=@moose.6927422「意識低い系看護師」
2026-09-28,https://www.threads.com/@moose.6927422/post/Ddx3eDIFKFN,Threadsリプ,施設です！夜勤無しなので給料は激安ですが、急変や状態悪い方がいなければほとんど座ってるだけの日もあります😂,,,,,返信者@momonga.2525／返信先:元投稿／表示:22時間・♡7・返信0／Chrome全件収集2026-09-28 #238／元投稿=@moose.6927422「意識低い系看護師」
2026-09-28,https://www.threads.com/@moose.6927422/post/Ddx3eDIFKFN,Threadsリプ,事務職に転職予定です（笑）,,,,,返信者@harure3／返信先:元投稿／表示:22時間・♡2・返信0／Chrome全件収集2026-09-28 #239／元投稿=@moose.6927422「意識低い系看護師」
2026-09-28,https://www.threads.com/@moose.6927422/post/Ddx3eDIFKFN,Threadsリプ,デイサービスー！！　でゆったりきままに働いてたけど新しく来た管理者が意識高い系で仕事増えてきたからそろそろ辞めようかなって思ってるー！！😊,,,,,返信者@nya.mi__n／返信先:元投稿／表示:22時間・♡95・返信1／Chrome全件収集2026-09-28 #240／元投稿=@moose.6927422「意識低い系看護師」
2026-09-28,https://www.threads.com/@moose.6927422/post/Ddx3eDIFKFN,Threadsリプ,うわー掻き乱すな管理者‼️,,,,,返信者@moose.6927422（投稿者）／返信先:nya.mi__n／表示:18時間・♡27・返信0／Chrome全件収集2026-09-28 #241／元投稿=@moose.6927422「意識低い系看護師」
2026-09-28,https://www.threads.com/@moose.6927422/post/Ddx3eDIFKFN,Threadsリプ,委員会と研究と新人教育と残業やりたくないのでデイサービスです🙋‍♀️,,,,,返信者@jinseikutakuta／返信先:元投稿／表示:22時間・♡19・返信1／Chrome全件収集2026-09-28 #242／元投稿=@moose.6927422「意識低い系看護師」／2026-09-28新規
2026-09-28,https://www.threads.com/@moose.6927422/post/Ddx3eDIFKFN,Threadsリプ,デイサービス気になるけど給料が不安です（ ｉ _ ｉ ）,,,,,返信者@moose.6927422（投稿者）／返信先:jinseikutakuta／表示:18時間・♡1・返信0／Chrome全件収集2026-09-28 #243／元投稿=@moose.6927422「意識低い系看護師」／2026-09-28新規
2026-09-28,https://www.threads.com/@moose.6927422/post/Ddx3eDIFKFN,Threadsリプ,ナーシングです！このままでいいのかな？って何度も思います😂,,,,,返信者@momon_chan_53／返信先:元投稿／表示:22時間・♡0・返信1／Chrome全件収集2026-09-28 #244／元投稿=@moose.6927422「意識低い系看護師」
2026-09-28,https://www.threads.com/@moose.6927422/post/Ddx3eDIFKFN,Threadsリプ,結構重症多くないですか？💦,,,,,返信者@moose.6927422（投稿者）／返信先:momon_chan_53／表示:18時間・♡0・返信0／Chrome全件収集2026-09-28 #245／元投稿=@moose.6927422「意識低い系看護師」
2026-09-28,https://www.threads.com/@moose.6927422/post/Ddx3eDIFKFN,Threadsリプ,デイサービス！看護師さーんって呼ばれるまで座ってる,,,,,返信者@mm_kriw／返信先:元投稿／表示:22時間・♡374・返信3／Chrome全件収集2026-09-28 #246／元投稿=@moose.6927422「意識低い系看護師」
2026-09-28,https://www.threads.com/@moose.6927422/post/Ddx3eDIFKFN,Threadsリプ,俺も採用してほしい😂,,,,,返信者@binvin1340／返信先:mm_kriw／表示:21時間・♡3・返信1／Chrome全件収集2026-09-28 #247／元投稿=@moose.6927422「意識低い系看護師」／2026-09-28新規
2026-09-28,https://www.threads.com/@moose.6927422/post/Ddx3eDIFKFN,Threadsリプ,デイサービスアツいですよね❤️‍🔥でも給与面が不安でなかなか😢,,,,,返信者@moose.6927422（投稿者）／返信先:mm_kriw／表示:18時間・♡35・返信1／Chrome全件収集2026-09-28 #248／元投稿=@moose.6927422「意識低い系看護師」／2026-09-28新規
2026-09-28,https://www.threads.com/@moose.6927422/post/Ddx3eDIFKFN,Threadsリプ,激しく同意。,,,,,返信者@aigis.golgoneion2／返信先:mm_kriw／表示:3時間・♡1・返信1／Chrome全件収集2026-09-28 #249／元投稿=@moose.6927422「意識低い系看護師」／2026-09-28新規
2026-09-28,https://www.threads.com/@moose.6927422/post/Ddx3eDIFKFN,Threadsリプ,"ぜひ😂
座ってテレビ見て、利用者さんや介護士さんと喋って風呂から呼ばれて軟膏塗ってまた座って😂
暇でいいです！笑",,,,,返信者@mm_kriw／返信先:binvin1340／表示:2時間・♡1・返信1／Chrome全件収集2026-09-28 #250／元投稿=@moose.6927422「意識低い系看護師」／2026-09-28新規
2026-09-28,https://www.threads.com/@moose.6927422/post/Ddx3eDIFKFN,Threadsリプ,"うちは時給いいみたいです！(周りの人に聞いたらデイサにしては高いと！)
残業、夜勤ないのであれですが、体力は余るので副業もしてなんとか収入確保してます✨",,,,,返信者@mm_kriw／返信先:moose.6927422／表示:2時間・♡0・返信0／Chrome全件収集2026-09-28 #251／元投稿=@moose.6927422「意識低い系看護師」／2026-09-28新規
2026-09-28,https://www.threads.com/@moose.6927422/post/Ddx3eDIFKFN,Threadsリプ,"デイサですか！
呼ばれても軟膏ぬりぬりするくらいですぐ仕事終わってすぐ座ってます😂",,,,,返信者@mm_kriw／返信先:aigis.golgoneion2／表示:2時間・♡0・返信0／Chrome全件収集2026-09-28 #252／元投稿=@moose.6927422「意識低い系看護師」／2026-09-28新規
2026-09-28,https://www.threads.com/@moose.6927422/post/Ddx3eDIFKFN,Threadsリプ,"今すぐ履歴書送ります！！
雑務は俺がやるので座って指示だけ出してもらったら！！！！",,,,,返信者@binvin1340／返信先:mm_kriw／表示:2時間・♡0・返信0／Chrome全件収集2026-09-28 #253／元投稿=@moose.6927422「意識低い系看護師」／2026-09-28新規
2026-09-28,https://www.threads.com/@moose.6927422/post/Ddx3eDIFKFN,Threadsリプ,クリニックは病棟と違い過ぎてすごい楽です〜👏🏽ただ患者さん来ないとすごい暇です😪,,,,,返信者@yu_h_y.f／返信先:元投稿／表示:22時間・♡6・返信1／Chrome全件収集2026-09-28 #254／元投稿=@moose.6927422「意識低い系看護師」
2026-09-28,https://www.threads.com/@moose.6927422/post/Ddx3eDIFKFN,Threadsリプ,暇なところがいいです‼️,,,,,返信者@moose.6927422（投稿者）／返信先:yu_h_y.f／表示:18時間・♡0・返信0／Chrome全件収集2026-09-28 #255／元投稿=@moose.6927422「意識低い系看護師」
2026-09-28,https://www.threads.com/@moose.6927422/post/Ddx3eDIFKFN,Threadsリプ,低いくせに急性期総合病院で働いてます🫩,,,,,返信者@s.y.n.r.byby／返信先:元投稿／表示:22時間・♡129・返信2／Chrome全件収集2026-09-28 #256／元投稿=@moose.6927422「意識低い系看護師」
2026-09-28,https://www.threads.com/@moose.6927422/post/Ddx3eDIFKFN,Threadsリプ,なぜ‼️すごい‼️,,,,,返信者@moose.6927422（投稿者）／返信先:s.y.n.r.byby／表示:18時間・♡14・返信1／Chrome全件収集2026-09-28 #257／元投稿=@moose.6927422「意識低い系看護師」／2026-09-28新規
2026-09-28,https://www.threads.com/@moose.6927422/post/Ddx3eDIFKFN,Threadsリプ,お給料と人間関係が良いので、なかなかやめられません🫩仕事は常にやる気ゼロです🫩🫩笑,,,,,返信者@s.y.n.r.byby／返信先:moose.6927422／表示:18時間・♡8・返信1／Chrome全件収集2026-09-28 #258／元投稿=@moose.6927422「意識低い系看護師」／2026-09-28新規
2026-09-28,https://www.threads.com/@moose.6927422/post/Ddx3eDIFKFN,Threadsリプ,低いのに働けてるのがすごい！,,,,,返信者@sangaino_hito／返信先:s.y.n.r.byby／表示:18時間・♡1・返信1／Chrome全件収集2026-09-28 #259／元投稿=@moose.6927422「意識低い系看護師」／2026-09-28新規
2026-09-28,https://www.threads.com/@moose.6927422/post/Ddx3eDIFKFN,Threadsリプ,シングルマザーなので、しっかり働かなければいけないのです💪,,,,,返信者@s.y.n.r.byby／返信先:sangaino_hito／表示:18時間・♡0・返信1／Chrome全件収集2026-09-28 #260／元投稿=@moose.6927422「意識低い系看護師」／2026-09-28新規
2026-09-28,https://www.threads.com/@moose.6927422/post/Ddx3eDIFKFN,Threadsリプ,"シゴデキの匂いがプンプンします❤️
私は助産師なのに、急性期が苦手で、今は慢性期で働いてるのですごいなぁと思いました🤩",,,,,返信者@sangaino_hito／返信先:s.y.n.r.byby／表示:18時間・♡1・返信1／Chrome全件収集2026-09-28 #261／元投稿=@moose.6927422「意識低い系看護師」／2026-09-28新規
2026-09-28,https://www.threads.com/@moose.6927422/post/Ddx3eDIFKFN,Threadsリプ,"すごい…勉強とかまじでしたくないから
急性期はほんとに無理だ😱",,,,,返信者@moose.6927422（投稿者）／返信先:s.y.n.r.byby／表示:17時間・♡3・返信1／Chrome全件収集2026-09-28 #262／元投稿=@moose.6927422「意識低い系看護師」／2026-09-28新規
2026-09-28,https://www.threads.com/@moose.6927422/post/Ddx3eDIFKFN,Threadsリプ,"勉強なんて全くしてませんよ😆
年に2回は研修やセミナーを受けなければならないのですが（テーマは自由、自己で）、オンライン研修を選んで、　流してるだけです。笑
もちろん無料のやつを必死に探します。笑",,,,,返信者@s.y.n.r.byby／返信先:moose.6927422／表示:8時間・♡0・返信0／Chrome全件収集2026-09-28 #263／元投稿=@moose.6927422「意識低い系看護師」／2026-09-28新規
2026-09-28,https://www.threads.com/@moose.6927422/post/Ddx3eDIFKFN,Threadsリプ,いやいや、ただただ日々の業務をこなすのみです😆,,,,,返信者@s.y.n.r.byby／返信先:sangaino_hito／表示:8時間・♡0・返信0／Chrome全件収集2026-09-28 #264／元投稿=@moose.6927422「意識低い系看護師」／2026-09-28新規
2026-09-28,https://www.threads.com/@moose.6927422/post/Ddx3eDIFKFN,Threadsリプ,意識低い系の看護師さん、そんな方がありがたい😁✨,,,,,返信者@badger.6408825／返信先:元投稿／表示:22時間・♡18・返信1／Chrome全件収集2026-09-28 #265／元投稿=@moose.6927422「意識低い系看護師」
2026-09-28,https://www.threads.com/@moose.6927422/post/Ddx3eDIFKFN,Threadsリプ,お近くの方がいらっしゃいましたら当施設へお誘いしたいです♪,,,,,返信者@badger.6408825／返信先:badger.6408825／表示:21時間・♡0・返信0／Chrome全件収集2026-09-28 #266／元投稿=@moose.6927422「意識低い系看護師」
2026-09-28,https://www.threads.com/@moose.6927422/post/Ddx3eDIFKFN,Threadsリプ,透析です。,,,,,返信者@nana_ren_321／返信先:元投稿／表示:22時間・♡2・返信0／Chrome全件収集2026-09-28 #267／元投稿=@moose.6927422「意識低い系看護師」
2026-09-28,https://www.threads.com/@moose.6927422/post/Ddx3eDIFKFN,Threadsリプ,大学の保健室,,,,,返信者@muchimi0405／返信先:元投稿／表示:23時間・♡14・返信1／Chrome全件収集2026-09-28 #268／元投稿=@moose.6927422「意識低い系看護師」／2026-09-28新規
2026-09-28,https://www.threads.com/@moose.6927422/post/Ddx3eDIFKFN,Threadsリプ,養護教諭ですか？？,,,,,返信者@moose.6927422（投稿者）／返信先:muchimi0405／表示:18時間・♡1・返信1／Chrome全件収集2026-09-28 #269／元投稿=@moose.6927422「意識低い系看護師」／2026-09-28新規
2026-09-28,https://www.threads.com/@moose.6927422/post/Ddx3eDIFKFN,Threadsリプ,看護師です(*^^*),,,,,返信者@muchimi0405／返信先:moose.6927422／表示:18時間・♡0・返信1／Chrome全件収集2026-09-28 #270／元投稿=@moose.6927422「意識低い系看護師」／2026-09-28新規
2026-09-28,https://www.threads.com/@moose.6927422/post/Ddx3eDIFKFN,Threadsリプ,なんと！小学校とかのイメージ強かったですが大学かあ😊,,,,,返信者@moose.6927422（投稿者）／返信先:muchimi0405／表示:18時間・♡0・返信0／Chrome全件収集2026-09-28 #271／元投稿=@moose.6927422「意識低い系看護師」／2026-09-28新規
2026-09-28,https://www.threads.com/@moose.6927422/post/Ddx3eDIFKFN,Threadsリプ,訪看です。言われたルートを、日々回るだけ…報告はタブレット、説明できないような場面は、フォトでデータ送ります。,,,,,返信者@yoshiemon1／返信先:元投稿／表示:1日・♡77・返信1／Chrome全件収集2026-09-28 #272／元投稿=@moose.6927422「意識低い系看護師」
2026-09-28,https://www.threads.com/@moose.6927422/post/Ddx3eDIFKFN,Threadsリプ,1人で見るから知識量求められません？💦,,,,,返信者@moose.6927422（投稿者）／返信先:yoshiemon1／表示:18時間・♡13・返信1／Chrome全件収集2026-09-28 #273／元投稿=@moose.6927422「意識低い系看護師」
2026-09-28,https://www.threads.com/@moose.6927422/post/Ddx3eDIFKFN,Threadsリプ,大学病院辞めて訪看に転職しましまが、転職して1週間感染防止のために足浴をしたら「あなたが足浴するとみんながやらなきゃいけなくなる」と、褥瘡のポケット深サイジングしたら「綿棒突っ込んだりしないで」と、下肢浮腫の経過のためサイジングしたら「そんなの必要ない」と、持ってる知識を出す必要がないのだと認識しました。今の職場では知識は求められないです。,,,,,返信者@yoshiemon1／返信先:moose.6927422／表示:18時間・♡13・返信4／Chrome全件収集2026-09-28 #274／元投稿=@moose.6927422「意識低い系看護師」
2026-09-28,https://www.threads.com/@moose.6927422/post/Ddx3eDIFKFN,Threadsリプ,"逆に意識低い系を求められるめんどくさい職場ですね笑😩
慣れるまでやりづらそう",,,,,返信者@cheetah.96838／返信先:yoshiemon1／表示:18時間・♡5・返信1／Chrome全件収集2026-09-28 #275／元投稿=@moose.6927422「意識低い系看護師」／2026-09-28新規
2026-09-28,https://www.threads.com/@moose.6927422/post/Ddx3eDIFKFN,Threadsリプ,嫌でも目がいってしまうことってありますよね。そこでの観察は記録に残します。発赤出現っていつから？記録に書いてあります。私記録読まないんで、言ってくれないと困りますってポンコツなことほざいていました。,,,,,返信者@yoshiemon1／返信先:cheetah.96838／表示:18時間・♡10・返信0／Chrome全件収集2026-09-28 #276／元投稿=@moose.6927422「意識低い系看護師」／2026-09-28新規
2026-09-28,https://www.threads.com/@moose.6927422/post/Ddx3eDIFKFN,Threadsリプ,"訪看あるあるですね😂

最初に居座ったもの勝ち！
その人が間違っていたとしても絶対服従！
じゃなきゃ円滑に仕事できません！笑",,,,,返信者@sssssayuriiiii0912／返信先:yoshiemon1／表示:17時間・♡1・返信0／Chrome全件収集2026-09-28 #277／元投稿=@moose.6927422「意識低い系看護師」／2026-09-28新規
2026-09-28,https://www.threads.com/@moose.6927422/post/Ddx3eDIFKFN,Threadsリプ,"そういう訪看で働くのしんどくないですか？💦
今いる訪看が、基本的な事をしない、知らないスタッフが多くて…。なんじゃこことなって転職考えてます🫥",,,,,返信者@bat.91819919／返信先:yoshiemon1／表示:4時間・♡0・返信1／Chrome全件収集2026-09-28 #278／元投稿=@moose.6927422「意識低い系看護師」／2026-09-28新規
2026-09-28,https://www.threads.com/@moose.6927422/post/Ddx3eDIFKFN,Threadsリプ,しんどいです。私も転職考えています。,,,,,返信者@yoshiemon1／返信先:bat.91819919／表示:3時間・♡0・返信0／Chrome全件収集2026-09-28 #279／元投稿=@moose.6927422「意識低い系看護師」／2026-09-28新規
2026-09-28,https://www.threads.com/@moose.6927422/post/Ddx3eDIFKFN,Threadsリプ,"そ、そんな訪看が…？！
訪看全てがそんなじゃないです…！
うちの訪看は専門NS1人、認定3人いて皆で常にカンファして、質の向上を追い求める系訪看です🥹
大学病院の知識、他の訪看でぜひ活かしてください！🥹",,,,,返信者@_______spica75／返信先:yoshiemon1／表示:1時間・♡0・返信0／Chrome全件収集2026-09-28 #280／元投稿=@moose.6927422「意識低い系看護師」／2026-09-28新規
2026-09-28,https://www.threads.com/@moose.6927422/post/Ddx3eDIFKFN,Threadsリプ,"個人の精神科です！
看護研究とかから逃げたい←
定時で上がれる確率高いので、とにかくプライベートも充実出来るし、休みも取りやすくて今の環境大好きです（笑）",,,,,返信者@reisyon／返信先:元投稿／表示:1日・♡200・返信2／Chrome全件収集2026-09-28 #281／元投稿=@moose.6927422「意識低い系看護師」
2026-09-28,https://www.threads.com/@moose.6927422/post/Ddx3eDIFKFN,Threadsリプ,精神科の単科病院ですか？,,,,,返信者@kanon3822／返信先:reisyon／表示:20時間・♡0・返信1／Chrome全件収集2026-09-28 #282／元投稿=@moose.6927422「意識低い系看護師」／2026-09-28新規
2026-09-28,https://www.threads.com/@moose.6927422/post/Ddx3eDIFKFN,Threadsリプ,総合病院じゃなくて個人病院の成り上がり版ですか？（アホ質問）羨ましい環境‼️,,,,,返信者@moose.6927422（投稿者）／返信先:reisyon／表示:18時間・♡16・返信1／Chrome全件収集2026-09-28 #283／元投稿=@moose.6927422「意識低い系看護師」／2026-09-28新規
2026-09-28,https://www.threads.com/@moose.6927422/post/Ddx3eDIFKFN,Threadsリプ,"総合病院ではないですね！
完全に精神科オンリーの病院です✨",,,,,返信者@reisyon／返信先:moose.6927422／表示:17時間・♡0・返信0／Chrome全件収集2026-09-28 #284／元投稿=@moose.6927422「意識低い系看護師」／2026-09-28新規
2026-09-28,https://www.threads.com/@moose.6927422/post/Ddx3eDIFKFN,Threadsリプ,そうです😊,,,,,返信者@reisyon／返信先:kanon3822／表示:17時間・♡0・返信0／Chrome全件収集2026-09-28 #285／元投稿=@moose.6927422「意識低い系看護師」／2026-09-28新規
2026-09-28,https://www.threads.com/@moose.6927422/post/Ddx3eDIFKFN,Threadsリプ,"三次救急の病院ですー
スタッフも多いから休みやすいし、有給も福利厚生もバンバン利用して細ーく働いてまーす🤟🏻",,,,,返信者@suppailemondore／返信先:元投稿／表示:1日・♡16・返信0／Chrome全件収集2026-09-28 #286／元投稿=@moose.6927422「意識低い系看護師」
2026-09-28,https://www.threads.com/@moose.6927422/post/Ddx3eDIFKFN,Threadsリプ,意識低すぎて転職がだるいので大学病院〜‼️,,,,,返信者@toxicsumomo／返信先:元投稿／表示:1日・♡78・返信1／Chrome全件収集2026-09-28 #287／元投稿=@moose.6927422「意識低い系看護師」
2026-09-28,https://www.threads.com/@moose.6927422/post/Ddx3eDIFKFN,Threadsリプ,斬新‼️看護研究とかラダーとか委員会とか大変そう😨,,,,,返信者@moose.6927422（投稿者）／返信先:toxicsumomo／表示:18時間・♡11・返信0／Chrome全件収集2026-09-28 #288／元投稿=@moose.6927422「意識低い系看護師」
2026-09-28,https://www.threads.com/@moose.6927422/post/Ddx3eDIFKFN,Threadsリプ,"訪問入浴✌🏻看護技術、知識ほぼ使わない✌🏻
体力さえあれば多分何年でもできる",,,,,返信者@nuuu_3292／返信先:元投稿／表示:1日・♡70・返信1／Chrome全件収集2026-09-28 #289／元投稿=@moose.6927422「意識低い系看護師」
2026-09-28,https://www.threads.com/@moose.6927422/post/Ddx3eDIFKFN,Threadsリプ,たしかに！でも腰やばそう😭😭,,,,,返信者@moose.6927422（投稿者）／返信先:nuuu_3292／表示:18時間・♡12・返信0／Chrome全件収集2026-09-28 #290／元投稿=@moose.6927422「意識低い系看護師」／2026-09-28新規
2026-09-28,https://www.threads.com/@moose.6927422/post/Ddx3eDIFKFN,Threadsリプ,"売り上げ、コスト意識低めのクリニック🥺

診療終わったら院長は速攻で帰るから他スタッフも帰りやすいし、待ってるから少し早めに診察スタートとかもしない。

「始まるの遅くない？」って患者さんから言われてたけど「9時からですからね。時間通りですよ。」とバッサリと院長自ら言ってくれて清々しい。",,,,,返信者@spoon.0507／返信先:元投稿／表示:1日・♡1005・返信1／Chrome全件収集2026-09-28 #291／元投稿=@moose.6927422「意識低い系看護師」
2026-09-28,https://www.threads.com/@moose.6927422/post/Ddx3eDIFKFN,Threadsリプ,院長🥺✨✨そんな院長のもとでゆるーく働きたいです😭😭！,,,,,返信者@moose.6927422（投稿者）／返信先:spoon.0507／表示:22時間・♡155・返信0／Chrome全件収集2026-09-28 #292／元投稿=@moose.6927422「意識低い系看護師」
2026-09-28,https://www.threads.com/@moose.6927422/post/Ddx3eDIFKFN,Threadsリプ,"とりあえず総合病院でーす
いつでも辞めてやるっていう覚悟だけはありまーす
のらりくらりと指導を避けて、ラダー獲得避け続けていまーす",,,,,返信者@beeeekon.epi／返信先:元投稿／表示:1日・♡42・返信0／Chrome全件収集2026-09-28 #293／元投稿=@moose.6927422「意識低い系看護師」
